ObjectID,Property (Project Number),Civic Address,Community,Number of Units,PID
1704,4201,3 Lahey Rd,Dartmouth,5,96271
1705,4201,9 Lahey Rd,Dartmouth,5,96271
1706,4201,15 Lahey Rd,Dartmouth,5,96271
1707,4201,21 Lahey Rd,Dartmouth,5,96271
1708,4201,27 Lahey Rd,Dartmouth,5,96271
1709,4201,39 Lahey Rd,Dartmouth,5,96248
1710,4201,45 Lahey Rd,Dartmouth,5,96248
1711,4201,33 Lahey Rd,Dartmouth,5,96248
1712,4202,101 Nova Crt,Dartmouth,64,40463879
1713,4202,1 Fundy Lane,Dartmouth,1,82644
1714,4202,3 Fundy Lane,Dartmouth,1,82644
1715,4202,4 Fundy Lane,Dartmouth,1,82644
1716,4202,2 Fundy Lane,Dartmouth,1,82644
1717,4202,6 Fundy Lane,Dartmouth,1,82644
1718,4202,7 Fundy Lane,Dartmouth,1,82644
1719,4202,8 Fundy Lane,Dartmouth,1,82644
1720,4202,5 Fundy Lane,Dartmouth,1,82644
1721,4202,9 Fundy Lane,Dartmouth,1,82644
1722,4202,10 Fundy Lane,Dartmouth,1,82644
1723,4202,11 Fundy Lane,Dartmouth,1,82644
1724,4202,12 Fundy Lane,Dartmouth,1,82644
1725,4202,1 Canso Lane,Dartmouth,1,82644
1726,4202,2 Canso Lane,Dartmouth,1,82644
1727,4202,3 Canso Lane,Dartmouth,1,82644
1728,4202,4 Canso Lane,Dartmouth,1,82644
1729,4202,5 Canso Lane,Dartmouth,1,82644
1730,4202,6 Canso Lane,Dartmouth,1,82644
1731,4202,7 Canso Lane,Dartmouth,1,82644
1732,4202,8 Canso Lane,Dartmouth,1,82644
1733,4202,9 Canso Lane,Dartmouth,1,82644
1734,4202,11 Canso Lane,Dartmouth,1,82644
1735,4202,12 Canso Lane,Dartmouth,1,82644
1736,4202,1 Chebucto Lane,Dartmouth,1,82644
1737,4202,2 Chebucto Lane,Dartmouth,1,82644
1738,4202,3 Chebucto Lane,Dartmouth,1,82644
1739,4202,4 Chebucto Lane,Dartmouth,1,82644
1740,4202,5 Chebucto Lane,Dartmouth,1,82644
1741,4202,6 Chebucto Lane,Dartmouth,1,82644
1742,4202,7 Chebucto Lane,Dartmouth,1,82644
1743,4202,8 Chebucto Lane,Dartmouth,1,82644
1744,4202,9 Chebucto Lane,Dartmouth,1,82644
1745,4202,10 Chebucto Lane,Dartmouth,1,82644
1746,4202,11 Chebucto Lane,Dartmouth,1,82644
1747,4202,12 Chebucto Lane,Dartmouth,1,82644
1748,4202,1 Bras Dor Lane,Dartmouth,1,82644
1749,4202,2 Bras Dor Lane,Dartmouth,1,82644
1750,4202,3 Bras Dor Lane,Dartmouth,1,82644
1751,4202,4 Bras Dor Lane,Dartmouth,1,82644
1752,4202,5 Bras Dor Lane,Dartmouth,1,82644
1753,4202,6 Bras Dor Lane,Dartmouth,1,82644
1762,4202,7 Bras Dor Lane,Dartmouth,1,82644
1764,4202,8 Bras Dor Lane,Dartmouth,1,82644
1765,4202,9 Bras Dor Lane,Dartmouth,1,82644
1766,4202,10 Bras Dor Lane,Dartmouth,1,82644
1767,4202,11 Bras Dor Lane,Dartmouth,1,82644
1768,4202,12 Bras Dor Lane,Dartmouth,1,82644
1769,4204,53 Leaman Dr,Dartmouth,5,40171860
1770,4204,57 Leaman Dr,Dartmouth,5,101642
1775,4202,10 Canso Lane,Dartmouth,1,82644
1779,4210,12 Everette St (A),Dartmouth,1,40041634
1780,4210,12 Everette St,Dartmouth,1,40041840
1781,4210,3 Mackenzie St,Dartmouth,1,40042038
1782,4210,1 Mackenzie St,Dartmouth,1,227926
1783,4210,28 Mason St,Dartmouth,1,259069
1784,4210,26 Mason St,Dartmouth,1,40070922
1785,4210,7 Novawood Dr,Dartmouth,1,479816
1786,4210,33 Carleton St,Dartmouth,1,260885
1787,4210,15 Herbert St,Dartmouth,1,259226
1788,4210,58 Renfrew St,Dartmouth,1,247825
1789,4210,59 Renfrew St,Dartmouth,1,247346
1790,4210,56 Belmont Ave,Dartmouth,1,261271
1791,4210,60 Belmont Ave,Dartmouth,1,40283525
1792,4210,58 Belmont Ave,Dartmouth,1,40283509
1793,4210,63 Belmont Ave,Dartmouth,1,261206
1794,4215,4 Lilac St,Dartmouth,1,259440
1795,4215,36 Chadwick St,Dartmouth,2,247205
1796,4215,6 Lynwood Dr,Dartmouth,1,40069585
1798,4215,8 Lynwood Dr,Dartmouth,1,40069577
1799,4215,10 Lynwood Dr,Dartmouth,1,40069569
1800,4215,12 Lynwood Dr,Dartmouth,1,275495
1801,4215,18 Lynwood Dr,Dartmouth,1,275529
1802,4215,103 Caledonia Rd,Dartmouth,1,40181208
1803,4215,105 Caledonia Rd,Dartmouth,1,40181216
1804,4215,107 Caledonia Rd,Dartmouth,1,179002
1805,4215,21 Paul David Crt,Dartmouth,1,40181414
1806,4221,55 Belmont Ave,Dartmouth,1,261198
1807,4221,57 Belmont Ave,Dartmouth,1,610063
1808,4215,22 Paul David Crt,Dartmouth,1,40181422
1809,4221,14 Herbert St,Dartmouth,1,259333
1810,4221,16 Herbert St,Dartmouth,1,259341
1811,4221,35 Grant St,Dartmouth,1,259416
1812,4221,18 Mason St,Dartmouth,1,259028
1813,4221,18 Herbert St,Dartmouth,1,387944
1814,4221,56 Renfrew St,Dartmouth,1,247817
1815,4224,373 Prince Albert Rd,Dartmouth,2,40357261
1816,4230,24 Trenholme St,Dartmouth,1,260265
1817,4230,26 Trenholme St,Dartmouth,1,260265
1818,4230,28 Trenholme St,Dartmouth,1,40376964
1819,4230,30 Trenholme St,Dartmouth,1,40376964
1820,4230,45 Trinity Ave,Dartmouth,2,63438
1821,4234,44 Trinity Ave,Dartmouth,1,40433864
1822,4234,46 Trinity Ave,Dartmouth,1,40433864
1823,4234,48 Trinity Ave,Dartmouth,1,63594
1824,4234,50 Trinity Ave,Dartmouth,1,63594
1825,4239,34 Venice Crt,Dartmouth,1,40270498
1826,4239,36 Venice Crt,Dartmouth,1,40270480
1827,4239,24 Albert St,Dartmouth,1,130500
1828,4239,42 Andover St,Dartmouth,1,40580193
1829,4239,44 Andover St,Dartmouth,1,40580201
1830,4224,20 Lilac St,Dartmouth,2,40352312
1834,4301,6795 Bayers Rd,Halifax,1,85076
1835,4301,6811 Bayers Rd,Halifax,1,85076
1844,4301,6817 Bayers Rd,Halifax,1,85076
1845,4301,6829 Bayers Rd,Halifax,1,85076
1846,4301,6823 Bayers Rd,Halifax,1,85076
1847,4301,6833 Bayers Rd,Halifax,1,85076
1848,4301,6841 Bayers Rd,Halifax,1,85076
1849,4301,6847 Bayers Rd,Halifax,1,85076
1850,4301,6853 Bayers Rd,Halifax,1,85076
1851,4301,6861 Bayers Rd,Halifax,1,85076
1852,4301,6867 Bayers Rd,Halifax,1,85076
1853,4301,6871 Bayers Rd,Halifax,1,85076
1854,4301,6877 Bayers Rd,Halifax,1,85076
1855,4301,6885 Bayers Rd,Halifax,1,85076
1856,4301,6891 Bayers Rd,Halifax,1,85076
1857,4301,6915 Bayers Rd,Halifax,1,85019
1858,4301,6927 Bayers Rd,Halifax,1,85019
1859,4301,3318 Romans Ave,Halifax,1,85019
1860,4301,3320 Romans Ave,Halifax,1,85019
1861,4301,3324 Romans Ave,Halifax,1,85019
1862,4301,3322 Romans Ave,Halifax,1,85019
1863,4301,3326 Romans Ave,Halifax,1,85019
1864,4301,3328 Romans Ave,Halifax,1,85019
1865,4301,3330 Romans Ave,Halifax,1,85019
1866,4301,3332 Romans Ave,Halifax,1,85019
1867,4301,3336 Romans Ave,Halifax,1,85019
1868,4301,3334 Romans Ave,Halifax,1,85019
1869,4301,3338 Romans Ave,Halifax,1,85019
1870,4301,3340 Romans Ave,Halifax,1,85019
1871,4301,3342 Romans Ave,Halifax,1,85019
1872,4301,3344 Romans Ave,Halifax,1,85019
1873,4301,3346 Romans Ave,Halifax,1,85019
1874,4301,3348 Romans Ave,Halifax,1,85019
1875,4301,3350 Romans Ave,Halifax,1,85019
1876,4301,3352 Romans Ave,Halifax,1,85019
1877,4301,3354 Romans Ave,Halifax,1,85019
1878,4301,3358 Romans Ave,Halifax,1,85019
1879,4301,3356 Romans Ave,Halifax,1,85019
1880,4301,3360 Romans Ave,Halifax,1,85019
1881,4301,3362 Romans Ave,Halifax,1,85019
1882,4301,3364 Romans Ave,Halifax,1,85019
1883,4301,3366 Romans Ave,Halifax,1,85019
1884,4301,3368 Romans Ave,Halifax,1,85019
1885,4301,3370 Romans Ave,Halifax,1,85019
1886,4301,3374 Romans Ave,Halifax,1,85019
1887,4301,3372 Romans Ave,Halifax,1,85019
1888,4301,3376 Romans Ave,Halifax,1,85019
1889,4301,3378 Romans Ave,Halifax,1,85019
1890,4301,3380 Romans Ave,Halifax,1,85019
1891,4301,3389 Romans Ave,Halifax,1,85027
1892,4301,3387 Romans Ave,Halifax,1,85027
1893,4301,3385 Romans Ave,Halifax,1,85027
1894,4301,3383 Romans Ave,Halifax,1,85027
1895,4301,3381 Romans Ave,Halifax,1,85027
1896,4301,3379 Romans Ave,Halifax,1,85027
1897,4301,3377 Romans Ave,Halifax,1,85027
1898,4301,3375 Romans Ave,Halifax,1,85027
1899,4301,3373 Romans Ave,Halifax,1,85027
1900,4301,3371 Romans Ave,Halifax,1,85027
1901,4301,3369 Romans Ave,Halifax,1,85027
1902,4301,3367 Romans Ave,Halifax,1,85027
1903,4301,3363 Romans Ave,Halifax,1,85027
1904,4301,3365 Romans Ave,Halifax,1,85027
1905,4301,3361 Romans Ave,Halifax,1,85027
1906,4301,3359 Romans Ave,Halifax,1,85027
1907,4301,3357 Romans Ave,Halifax,1,85027
1908,4301,3355 Romans Ave,Halifax,1,85027
1909,4301,3353 Romans Ave,Halifax,1,85027
1910,4301,3351 Romans Ave,Halifax,1,85027
1911,4301,3349 Romans Ave,Halifax,1,85027
1912,4301,3347 Romans Ave,Halifax,1,85027
1913,4301,3345 Romans Ave,Halifax,1,85027
1914,4301,3343 Romans Ave,Halifax,1,85027
1915,4301,3341 Romans Ave,Halifax,1,85027
1916,4301,3339 Romans Ave,Halifax,1,85027
1917,4301,3335 Romans Ave,Halifax,1,85027
1918,4301,3337 Romans Ave,Halifax,1,85027
1919,4301,3333 Romans Ave,Halifax,1,85027
1920,4301,3331 Romans Ave,Halifax,1,85027
1921,4301,3327 Romans Ave,Halifax,1,85027
1925,4301,3319 Federal Ave,Halifax,1,85035
1927,4301,3321 Federal Ave,Halifax,1,85035
1929,4301,3323 Federal Ave,Halifax,1,85035
1932,4301,3325 Federal Ave,Halifax,1,85035
1934,4301,3327 Federal Ave,Halifax,1,85035
1936,4301,3329 Federal Ave,Halifax,1,85035
1937,4301,3331 Federal Ave,Halifax,1,85035
1938,4301,3333 Federal Ave,Halifax,1,85035
1941,4301,3335 Federal Ave,Halifax,1,85035
1942,4301,3337 Federal Ave,Halifax,1,85035
1944,4301,3339 Federal Ave,Halifax,1,85035
1946,4301,3341 Federal Ave,Halifax,1,85035
1947,4301,3343 Federal Ave,Halifax,1,85035
1949,4301,3345 Federal Ave,Halifax,1,85035
1951,4301,3347 Federal Ave,Halifax,1,85035
1953,4301,3349 Federal Ave,Halifax,1,85035
1954,4301,3351 Federal Ave,Halifax,1,85035
1955,4301,3353 Federal Ave,Halifax,1,85035
1956,4301,3355 Federal Ave,Halifax,1,85035
1957,4301,3357 Federal Ave,Halifax,1,85035
1958,4301,3359 Federal Ave,Halifax,1,85035
1959,4301,3361 Federal Ave,Halifax,1,85035
1960,4301,3363 Federal Ave,Halifax,1,85035
1964,4301,3365 Federal Ave,Halifax,1,85035
1967,4301,3367 Federal Ave,Halifax,1,85035
1968,4301,3369 Federal Ave,Halifax,1,85035
1969,4301,3371 Federal Ave,Halifax,1,85035
1971,4301,3373 Federal Ave,Halifax,1,85035
1973,4301,3375 Federal Ave,Halifax,1,85035
1976,4301,3377 Federal Ave,Halifax,1,85035
1977,4301,3379 Federal Ave,Halifax,1,85035
1978,4301,3320 Federal Ave,Halifax,1,85027
1979,4301,3322 Federal Ave,Halifax,1,85027
1980,4301,3324 Federal Ave,Halifax,1,85027
1981,4301,3326 Federal Ave,Halifax,1,85027
1983,4301,3328 Federal Ave,Halifax,1,85027
1984,4301,3330 Federal Ave,Halifax,1,85027
1985,4301,3332 Federal Ave,Halifax,1,85027
1986,4301,3329 Romans Ave,Halifax,1,85027
1987,4301,3334 Federal Ave,Halifax,1,85027
1988,4301,3338 Federal Ave,Halifax,1,85027
1989,4301,3336 Federal Ave,Halifax,1,85027
1990,4301,3340 Federal Ave,Halifax,1,85027
1991,4301,3342 Federal Ave,Halifax,1,85027
1992,4301,3346 Federal Ave,Halifax,1,85027
1993,4301,3348 Federal Ave,Halifax,1,85027
1994,4301,3350 Federal Ave,Halifax,1,85027
1995,4301,3352 Federal Ave,Halifax,1,85027
1996,4301,3354 Federal Ave,Halifax,1,85027
1997,4301,3356 Federal Ave,Halifax,1,85027
1998,4301,3358 Federal Ave,Halifax,1,85027
1999,4301,3360 Federal Ave,Halifax,1,85027
2000,4301,3362 Federal Ave,Halifax,1,85027
2001,4301,3364 Federal Ave,Halifax,1,85027
2002,4301,3366 Federal Ave,Halifax,1,85027
2003,4301,3368 Federal Ave,Halifax,1,85027
2004,4301,3370 Federal Ave,Halifax,1,85027
2005,4301,3372 Federal Ave,Halifax,1,85027
2006,4301,3374 Federal Ave,Halifax,1,85027
2007,4301,3376 Federal Ave,Halifax,1,85027
2008,4301,3378 Federal Ave,Halifax,1,85027
2009,4301,3380 Federal Ave,Halifax,1,85027
2010,4301,3382 Federal Ave,Halifax,1,85027
2011,4301,3384 Federal Ave,Halifax,1,85027
2012,4301,3388 Federal Ave,Halifax,1,85027
2013,4301,3390 Federal Ave,Halifax,1,85027
2014,4301,3392 Federal Ave,Halifax,1,85027
2015,4301,3394 Federal Ave,Halifax,1,85027
2016,4301,3301 Federal Ave,Halifax,1,85035
2017,4301,3303 Federal Ave,Halifax,1,85035
2018,4301,3307 Federal Ave,Halifax,1,85035
2019,4301,3305 Federal Ave,Halifax,1,85035
2020,4301,3309 Federal Ave,Halifax,1,85035
2021,4301,3311 Federal Ave,Halifax,1,85035
2022,4301,3313 Federal Ave,Halifax,1,85035
2023,4301,3315 Federal Ave,Halifax,1,85035
2024,4301,3317 Federal Ave,Halifax,1,85035
2025,4301,3319 Romans Ave,Halifax,1,85035
2026,4301,3321 Romans Ave,Halifax,1,85035
2027,4301,3325 Romans Ave,Halifax,1,85035
2028,4302,3308 Barrington St,Halifax,1,61945
2029,4302,3310 Barrington St,Halifax,1,61945
2031,4302,3312 Barrington St,Halifax,1,61945
2032,4302,3314 Barrington St,Halifax,1,61945
2033,4301,3323 Romans Ave,Halifax,1,85035
2034,4302,3316 Barrington St,Halifax,1,61945
2035,4302,3320 Barrington St,Halifax,1,61945
2036,4302,3318 Barrington St,Halifax,1,61945
2037,4302,3324 Barrington St,Halifax,1,61945
2038,4302,3322 Barrington St,Halifax,1,61945
2039,4302,3326 Barrington St,Halifax,1,61945
2040,4302,3328 Barrington St,Halifax,1,61945
2041,4302,3330 Barrington St,Halifax,1,61945
2042,4302,3332 Barrington St,Halifax,1,61945
2043,4302,3334 Barrington St,Halifax,1,61945
2044,4302,3336 Barrington St,Halifax,1,61945
2045,4302,3338 Barrington St,Halifax,1,61945
2046,4302,3342 Barrington St,Halifax,1,61945
2047,4302,3340 Barrington St,Halifax,1,61945
2048,4302,3344 Barrington St,Halifax,1,61945
2049,4302,3346 Barrington St,Halifax,1,61945
2050,4302,3348 Barrington St,Halifax,1,61945
2051,4302,3350 Barrington St,Halifax,1,61945
2052,4302,3352 Barrington St,Halifax,1,61945
2053,4302,3354 Barrington St,Halifax,1,61945
2054,4302,3356 Barrington St,Halifax,1,61945
2055,4302,3358 Barrington St,Halifax,1,61945
2056,4302,3360 Barrington St,Halifax,1,61945
2057,4302,3362 Barrington St,Halifax,1,61945
2058,4302,3364 Barrington St,Halifax,1,61945
2059,4302,3366 Barrington St,Halifax,1,61945
2060,4302,3370 Barrington St,Halifax,1,61945
2061,4302,3368 Barrington St,Halifax,1,61945
2062,4302,3372 Barrington St,Halifax,1,61945
2063,4302,3374 Barrington St,Halifax,1,61945
2064,4302,3376 Barrington St,Halifax,1,61945
2065,4302,3378 Barrington St,Halifax,1,61945
2066,4302,3380 Barrington St,Halifax,1,61945
2067,4302,3384 Barrington St,Halifax,1,61945
2068,4302,3386 Barrington St,Halifax,1,61945
2069,4302,3388 Barrington St,Halifax,1,61945
2070,4302,3382 Barrington St,Halifax,1,61945
2071,4302,3390 Barrington St,Halifax,1,61945
2072,4302,3392 Barrington St,Halifax,1,61945
2073,4302,3396 Barrington St,Halifax,1,61945
2074,4302,3394 Barrington St,Halifax,1,61945
2075,4302,3398 Barrington St,Halifax,1,61945
2076,4302,3400 Barrington St,Halifax,1,61945
2077,4302,3402 Barrington St,Halifax,1,61945
2078,4302,3404 Barrington St,Halifax,1,61945
2079,4302,3406 Barrington St,Halifax,1,61945
2080,4302,3410 Barrington St,Halifax,1,61945
2081,4302,3414 Barrington St,Halifax,1,61945
2082,4302,3412 Barrington St,Halifax,1,61945
2083,4302,3416 Barrington St,Halifax,1,61945
2084,4302,3418 Barrington St,Halifax,1,61945
2085,4302,3422 Barrington St,Halifax,1,61945
2086,4302,3420 Barrington St,Halifax,1,61945
2087,4302,3424 Barrington St,Halifax,1,61945
2088,4302,3426 Barrington St,Halifax,1,61945
2089,4302,3428 Barrington St,Halifax,1,61945
2090,4302,3432 Barrington St,Halifax,1,61945
2091,4302,3430 Barrington St,Halifax,1,61945
2092,4302,3446 Barrington St,Halifax,1,61945
2093,4302,3448 Barrington St,Halifax,1,61945
2094,4302,3452 Barrington St,Halifax,1,61945
2095,4302,3450 Barrington St,Halifax,1,61945
2096,4302,3454 Barrington St,Halifax,1,61945
2097,4302,3456 Barrington St,Halifax,1,61945
2098,4302,3460 Barrington St,Halifax,1,61945
2099,4302,3458 Barrington St,Halifax,1,61945
2100,4302,3462 Barrington St,Halifax,1,61945
2101,4302,3464 Barrington St,Halifax,1,61945
2102,4302,100 Jarvis Lane,Halifax,1,61945
2103,4302,104 Jarvis Lane,Halifax,1,61945
2104,4302,102 Jarvis Lane,Halifax,1,61945
2105,4302,114 Jarvis Lane,Halifax,1,61945
2106,4302,116 Jarvis Lane,Halifax,1,61945
2107,4302,118 Jarvis Lane,Halifax,1,61945
2108,4302,128 Jarvis Lane,Halifax,1,61945
2109,4302,130 Jarvis Lane,Halifax,1,61945
2110,4302,132 Jarvis Lane,Halifax,1,61945
2111,4302,140 Jarvis Lane,Halifax,1,61945
2112,4302,146 Jarvis Lane,Halifax,1,61945
2113,4302,28 Jarvis Lane,Halifax,1,61945
2114,4302,32 Jarvis Lane,Halifax,1,61945
2118,4302,38 Jarvis Lane,Halifax,1,61945
2120,4302,40 Jarvis Lane,Halifax,1,61945
2123,4302,42 Jarvis Lane,Halifax,1,61945
2126,4302,48 Jarvis Lane,Halifax,1,61945
2128,4302,50 Jarvis Lane,Halifax,1,61945
2129,4302,52 Jarvis Lane,Halifax,1,61945
2131,4302,58 Jarvis Lane,Halifax,1,61945
2133,4302,60 Jarvis Lane,Halifax,1,61945
2136,4302,62 Jarvis Lane,Halifax,1,61945
2139,4302,169 Jarvis Lane,Halifax,1,61945
2140,4302,171 Jarvis Lane,Halifax,1,61945
2141,4302,173 Jarvis Lane,Halifax,1,61945
2142,4302,179 Jarvis Lane,Halifax,1,61945
2143,4302,181 Jarvis Lane,Halifax,1,61945
2144,4302,30 Jarvis Lane,Halifax,1,61945
2145,4302,183 Jarvis Lane,Halifax,1,61945
2146,4302,191 Jarvis Lane,Halifax,1,61945
2147,4302,189 Jarvis Lane,Halifax,1,61945
2148,4302,193 Jarvis Lane,Halifax,1,61945
2149,4302,129 Connor Lane,Halifax,1,61945
2150,4302,133 Connor Lane,Halifax,1,61945
2151,4302,131 Connor Lane,Halifax,1,61945
2152,4302,139 Connor Lane,Halifax,1,61945
2153,4302,141 Connor Lane,Halifax,1,61945
2154,4302,143 Connor Lane,Halifax,1,61945
2155,4302,149 Connor Lane,Halifax,1,61945
2156,4302,151 Connor Lane,Halifax,1,61945
2157,4302,89 Connor Lane,Halifax,1,61945
2158,4302,109 Connor Lane,Halifax,63,61945
2159,4302,153 Connor Lane,Halifax,1,61945
2160,4302,39 Connor Lane,Halifax,1,61945
2161,4302,41 Connor Lane,Halifax,1,61945
2162,4302,49 Connor Lane,Halifax,1,61945
2163,4302,51 Connor Lane,Halifax,1,61945
2164,4302,53 Connor Lane,Halifax,1,61945
2165,4302,59 Connor Lane,Halifax,1,61945
2167,4302,61 Connor Lane,Halifax,1,61945
2169,4302,63 Connor Lane,Halifax,1,61945
2171,4302,69 Connor Lane,Halifax,1,61945
2173,4302,71 Connor Lane,Halifax,1,61945
2175,4302,73 Connor Lane,Halifax,1,61945
2178,4302,5261 Richmond St,Halifax,63,61945
2181,4302,152 Connor Lane,Halifax,1,61945
2182,4302,154 Connor Lane,Halifax,1,61945
2183,4302,156 Connor Lane,Halifax,1,61945
2184,4302,162 Connor Lane,Halifax,1,61945
2186,4302,164 Connor Lane,Halifax,1,61945
2188,4302,166 Connor Lane,Halifax,1,61945
2190,4302,172 Connor Lane,Halifax,1,61945
2191,4302,174 Connor Lane,Halifax,1,61945
2193,4302,176 Connor Lane,Halifax,1,61945
2197,4302,101 Jarvis Lane,Halifax,1,61945
2199,4302,103 Jarvis Lane,Halifax,1,61945
2202,4302,105 Jarvis Lane,Halifax,1,61945
2203,4302,111 Jarvis Lane,Halifax,1,61945
2204,4302,113 Jarvis Lane,Halifax,1,61945
2205,4302,115 Jarvis Lane,Halifax,1,61945
2206,4302,121 Jarvis Lane,Halifax,1,61945
2207,4302,123 Jarvis Lane,Halifax,1,61945
2209,4302,125 Jarvis Lane,Halifax,1,61945
2210,4302,131 Jarvis Lane,Halifax,1,61945
2211,4302,133 Jarvis Lane,Halifax,1,61945
2212,4302,135 Jarvis Lane,Halifax,1,61945
2213,4302,141 Jarvis Lane,Halifax,1,61945
2214,4302,145 Jarvis Lane,Halifax,1,61945
2215,4302,15 Jarvis Lane,Halifax,1,61945
2216,4302,17 Jarvis Lane,Halifax,1,61945
2217,4302,19 Jarvis Lane,Halifax,1,61945
2218,4302,25 Jarvis Lane,Halifax,1,61945
2219,4302,27 Jarvis Lane,Halifax,1,61945
2220,4302,29 Jarvis Lane,Halifax,1,61945
2221,4302,35 Jarvis Lane,Halifax,1,61945
2222,4302,43 Connor Lane,Halifax,1,61945
2223,4302,37 Jarvis Lane,Halifax,1,61945
2224,4302,39 Jarvis Lane,Halifax,1,61945
2225,4302,55 Jarvis Lane,Halifax,1,61945
2226,4302,57 Jarvis Lane,Halifax,1,61945
2227,4302,59 Jarvis Lane,Halifax,1,61945
2228,4302,5220 Duffus St,Halifax,1,61945
2229,4302,5222 Duffus St,Halifax,1,61945
2230,4302,5224 Duffus St,Halifax,1,61945
2231,4302,5226 Duffus St,Halifax,1,61945
2232,4302,5230 Duffus St,Halifax,1,61945
2233,4302,5228 Duffus St,Halifax,1,61945
2234,4302,5232 Duffus St,Halifax,1,61945
2235,4302,5234 Duffus St,Halifax,1,61945
2236,4302,5236 Duffus St,Halifax,1,61945
2237,4302,5240 Duffus St,Halifax,1,61945
2238,4302,5242 Duffus St,Halifax,1,61945
2239,4302,5238 Duffus St,Halifax,1,61945
2240,4302,5244 Duffus St,Halifax,1,61945
2241,4302,5246 Duffus St,Halifax,1,61945
2242,4302,5248 Duffus St,Halifax,1,61945
2243,4302,5250 Duffus St,Halifax,1,61945
2244,4302,5252 Duffus St,Halifax,1,61945
2245,4302,5260 Duffus St,Halifax,1,61945
2246,4302,5262 Duffus St,Halifax,1,61945
2247,4302,5264 Duffus St,Halifax,1,61945
2248,4302,5266 Duffus St,Halifax,1,61945
2249,4302,5268 Duffus St,Halifax,1,61945
2250,4302,5270 Duffus St,Halifax,1,61945
2251,4302,5272 Duffus St,Halifax,1,61945
2252,4302,5274 Duffus St,Halifax,1,61945
2253,4303,3381 Federal Ave,Halifax,1,111021
2254,4303,6701 Chisholm Ave,Halifax,65,111047
2255,4303,3383 Federal Ave,Halifax,1,111021
2256,4303,3385 Federal Ave,Halifax,1,111021
2257,4303,3387 Federal Ave,Halifax,1,111021
2258,4303,3389 Federal Ave,Halifax,1,111021
2259,4303,3391 Federal Ave,Halifax,1,111021
2260,4303,3393 Federal Ave,Halifax,1,111021
2261,4303,3395 Federal Ave,Halifax,1,111021
2262,4303,3397 Federal Ave,Halifax,1,111021
2263,4303,3399 Federal Ave,Halifax,1,111021
2264,4303,3401 Federal Ave,Halifax,1,111021
2265,4303,3458 Micmac St,Halifax,1,111021
2266,4303,3462 Micmac St,Halifax,1,111021
2267,4301,3344 Federal Ave,Halifax,1,85027
2268,4303,3464 Micmac St,Halifax,1,111021
2269,4303,3466 Micmac St,Halifax,1,111021
2270,4303,3468 Micmac St,Halifax,1,111021
2271,4303,3470 Micmac St,Halifax,1,111021
2272,4302,3468 Barrington St,Halifax,1,61945
2273,4302,3466 Barrington St,Halifax,1,61945
2274,4303,3459 Micmac St,Halifax,1,111039
2275,4303,3460 Micmac St,Halifax,1,111021
2276,4303,3463 Micmac St,Halifax,1,111039
2277,4303,3465 Micmac St,Halifax,1,111039
2278,4303,3467 Micmac St,Halifax,1,111039
2279,4303,3469 Micmac St,Halifax,1,111039
2280,4303,3471 Micmac St,Halifax,1,111039
2281,4303,3472 Micmac St,Halifax,1,111021
2282,4303,3476 Micmac St,Halifax,1,111021
2283,4303,3480 Micmac St,Halifax,1,111021
2284,4303,3461 Micmac St,Halifax,1,111039
2285,4303,3484 Micmac St,Halifax,1,111021
2286,4303,3486 Micmac St,Halifax,1,111021
2287,4303,3488 Micmac St,Halifax,1,111021
2288,4303,3490 Micmac St,Halifax,1,111021
2289,4303,3492 Micmac St,Halifax,1,111021
2290,4303,3494 Micmac St,Halifax,1,111021
2291,4303,3496 Micmac St,Halifax,1,111021
2292,4303,3473 Micmac St,Halifax,1,111039
2293,4303,3475 Micmac St,Halifax,1,111039
2294,4303,3477 Micmac St,Halifax,1,111039
2295,4303,3479 Micmac St,Halifax,1,111039
2296,4303,3481 Micmac St,Halifax,1,111039
2297,4303,3483 Micmac St,Halifax,1,111039
2298,4303,3485 Micmac St,Halifax,1,111039
2299,4303,3487 Micmac St,Halifax,1,111039
2300,4303,3489 Micmac St,Halifax,1,111039
2301,4303,3491 Micmac St,Halifax,1,111039
2302,4303,3493 Micmac St,Halifax,1,111039
2303,4303,3424 Mcalpine Ave,Halifax,1,111021
2304,4303,3426 Mcalpine Ave,Halifax,1,111021
2305,4303,3428 Mcalpine Ave,Halifax,1,111021
2306,4303,3429 Mcalpine Ave,Halifax,1,111021
2307,4303,3430 Mcalpine Ave,Halifax,1,111021
2308,4303,3431 Mcalpine Ave,Halifax,1,111021
2309,4303,3482 Micmac St,Halifax,1,111021
2310,4303,3433 Mcalpine Ave,Halifax,1,111021
2311,4303,3434 Mcalpine Ave,Halifax,1,111021
2312,4303,3435 Mcalpine Ave,Halifax,1,111021
2313,4303,3437 Mcalpine Ave,Halifax,1,111021
2314,4303,3439 Mcalpine Ave,Halifax,1,111021
2315,4303,3441 Mcalpine Ave,Halifax,1,111021
2316,4303,3443 Mcalpine Ave,Halifax,1,111021
2317,4303,3445 Mcalpine Ave,Halifax,1,111021
2318,4303,3446 Mcalpine Ave,Halifax,1,111021
2319,4303,3448 Mcalpine Ave,Halifax,1,111021
2320,4303,3449 Mcalpine Ave,Halifax,1,111021
2321,4303,3450 Mcalpine Ave,Halifax,1,111021
2322,4303,3451 Mcalpine Ave,Halifax,1,111021
2323,4303,3452 Mcalpine Ave,Halifax,1,111021
2324,4303,3453 Mcalpine Ave,Halifax,1,111021
2325,4303,3454 Mcalpine Ave,Halifax,1,111021
2326,4303,3455 Mcalpine Ave,Halifax,1,111021
2327,4303,3456 Mcalpine Ave,Halifax,1,111021
2328,4303,3458 Mcalpine Ave,Halifax,1,111021
2329,4303,3460 Mcalpine Ave,Halifax,1,111021
2330,4303,3462 Mcalpine Ave,Halifax,1,111021
2331,4303,3464 Mcalpine Ave,Halifax,1,111021
2332,4303,3466 Mcalpine Ave,Halifax,1,111021
2333,4303,3468 Mcalpine Ave,Halifax,1,111021
2334,4303,3470 Mcalpine Ave,Halifax,1,111021
2335,4303,3472 Mcalpine Ave,Halifax,1,111021
2336,4303,3474 Mcalpine Ave,Halifax,1,111021
2337,4303,3476 Mcalpine Ave,Halifax,1,111021
2338,4303,3478 Mcalpine Ave,Halifax,1,111021
2339,4303,3480 Mcalpine Ave,Halifax,1,111021
2340,4303,3482 Mcalpine Ave,Halifax,1,111021
2341,4303,3484 Mcalpine Ave,Halifax,1,111021
2342,4303,3486 Mcalpine Ave,Halifax,1,111021
2343,4303,3488 Mcalpine Ave,Halifax,1,111021
2344,4303,3489 Mcalpine Ave,Halifax,1,111021
2345,4303,3490 Mcalpine Ave,Halifax,1,111021
2346,4303,3491 Mcalpine Ave,Halifax,1,111021
2347,4303,3492 Mcalpine Ave,Halifax,1,111021
2348,4303,3493 Mcalpine Ave,Halifax,1,111021
2349,4303,3494 Mcalpine Ave,Halifax,1,111021
2350,4303,3495 Mcalpine Ave,Halifax,1,111021
2351,4303,3497 Mcalpine Ave,Halifax,1,111021
2352,4303,3499 Mcalpine Ave,Halifax,1,111021
2353,4303,6640 Chisholm Ave,Halifax,1,111039
2354,4303,6641 Chisholm Ave,Halifax,1,111047
2355,4303,6644 Chisholm Ave,Halifax,1,111039
2356,4303,6645 Chisholm Ave,Halifax,1,111047
2357,4303,6648 Chisholm Ave,Halifax,1,111039
2358,4303,6649 Chisholm Ave,Halifax,1,111047
2359,4303,6652 Chisholm Ave,Halifax,1,111039
2360,4303,6655 Chisholm Ave,Halifax,1,111047
2361,4303,6656 Chisholm Ave,Halifax,1,111039
2362,4303,6659 Chisholm Ave,Halifax,1,111047
2363,4303,3432 Mcalpine Ave,Halifax,1,111021
2364,4303,6663 Chisholm Ave,Halifax,1,111047
2365,4303,6666 Chisholm Ave,Halifax,1,111021
2366,4303,6667 Chisholm Ave,Halifax,1,111047
2367,4303,6670 Chisholm Ave,Halifax,1,111021
2368,4303,6671 Chisholm Ave,Halifax,1,111047
2369,4303,6674 Chisholm Ave,Halifax,1,111021
2370,4303,6675 Chisholm Ave,Halifax,1,111047
2371,4303,6677 Chisholm Ave,Halifax,1,111047
2372,4303,6678 Chisholm Ave,Halifax,1,111021
2373,4303,6681 Chisholm Ave,Halifax,1,111047
2374,4303,6682 Chisholm Ave,Halifax,1,111021
2375,4303,6686 Chisholm Ave,Halifax,1,111021
2376,4303,6690 Chisholm Ave,Halifax,1,111021
2377,4303,6694 Chisholm Ave,Halifax,1,111021
2378,4303,6698 Chisholm Ave,Halifax,1,111021
2379,4303,6702 Chisholm Ave,Halifax,1,111021
2380,4303,6709 Chisholm Ave,Halifax,1,111047
2381,4303,6711 Chisholm Ave,Halifax,1,111047
2382,4303,6713 Chisholm Ave,Halifax,1,111047
2383,4303,6715 Chisholm Ave,Halifax,1,111047
2384,4303,6717 Chisholm Ave,Halifax,1,111047
2385,4303,6720 Chisholm Ave,Halifax,1,111021
2386,4303,6724 Chisholm Ave,Halifax,1,111021
2387,4303,6728 Chisholm Ave,Halifax,1,111021
2388,4304,2404 Adams Ave,Halifax,1,127738
2389,4304,2406 Adams Ave,Halifax,1,127738
2390,4304,2408 Adams Ave,Halifax,1,127738
2391,4304,2410 Adams Ave,Halifax,1,127738
2392,4304,2412 Adams Ave,Halifax,1,127738
2393,4304,2414 Adams Ave,Halifax,1,127738
2394,4304,2366 Breen Ave,Halifax,1,127738
2395,4304,2368 Breen Ave,Halifax,1,127738
2396,4304,2370 Breen Ave,Halifax,1,127738
2397,4304,2372 Breen Ave,Halifax,1,127738
2398,4304,2374 Breen Ave,Halifax,1,127738
2399,4304,2376 Breen Ave,Halifax,1,127738
2400,4304,2403 Cragg Ave,Halifax,1,127738
2401,4304,2404 Cragg Ave,Halifax,1,127738
2402,4304,2405 Cragg Ave,Halifax,1,127738
2403,4304,2407 Cragg Ave,Halifax,1,127738
2404,4304,2408 Cragg Ave,Halifax,1,127738
2405,4304,2409 Cragg Ave,Halifax,1,127738
2406,4304,2411 Cragg Ave,Halifax,1,127738
2407,4304,2412 Cragg Ave,Halifax,1,127738
2408,4304,2413 Cragg Ave,Halifax,1,127738
2409,4304,2416 Cragg Ave,Halifax,1,127738
2410,4304,2420 Cragg Ave,Halifax,1,127738
2411,4304,2447 Cardiff Pl,Halifax,1,127720
2412,4304,2449 Cardiff Pl,Halifax,1,127720
2413,4304,2451 Cardiff Pl,Halifax,1,127720
2414,4304,2453 Cardiff Pl,Halifax,1,127720
2415,4303,6662 Chisholm Ave,Halifax,1,111021
2416,4304,2455 Cardiff Pl,Halifax,1,127720
2417,4304,2457 Cardiff Pl,Halifax,1,127720
2418,4304,2458 Cardiff Pl,Halifax,1,127720
2419,4304,2459 Cardiff Pl,Halifax,1,127720
2420,4304,2454 Cardiff Pl,Halifax,1,127720
2421,4304,2461 Cardiff Pl,Halifax,1,127720
2422,4304,2439 Olympic Crt,Halifax,1,127720
2423,4304,2441 Olympic Crt,Halifax,1,127720
2424,4304,2443 Olympic Crt,Halifax,1,127720
2425,4304,2445 Olympic Crt,Halifax,1,127720
2426,4304,2447 Olympic Crt,Halifax,1,127720
2427,4304,2448 Olympic Crt,Halifax,1,127720
2428,4304,2449 Olympic Crt,Halifax,1,127720
2429,4304,2451 Olympic Crt,Halifax,1,127720
2430,4304,2452 Olympic Crt,Halifax,1,127720
2431,4304,2453 Olympic Crt,Halifax,1,127720
2432,4304,2455 Olympic Crt,Halifax,1,127720
2433,4304,2456 Olympic Crt,Halifax,1,127720
2434,4304,2457 Olympic Crt,Halifax,1,127720
2435,4304,2460 Olympic Crt,Halifax,1,127720
2436,4304,2445 Bristol Pl,Halifax,1,127720
2437,4304,2447 Bristol Pl,Halifax,1,127720
2438,4304,2449 Bristol Pl,Halifax,1,127720
2439,4304,2451 Bristol Pl,Halifax,1,127720
2440,4304,2452 Bristol Pl,Halifax,1,127720
2441,4304,2453 Bristol Pl,Halifax,1,127720
2442,4304,2455 Bristol Pl,Halifax,1,127720
2443,4304,2456 Bristol Pl,Halifax,1,127720
2444,4304,2457 Bristol Pl,Halifax,1,127720
2445,4304,2459 Bristol Pl,Halifax,1,127720
2446,4304,5457 Heron Walk,Halifax,1,127738
2447,4304,5461 Heron Walk,Halifax,1,127738
2448,4304,5459 Heron Walk,Halifax,1,127738
2449,4304,5463 Heron Walk,Halifax,1,127738
2450,4304,5465 Heron Walk,Halifax,1,127738
2451,4304,5467 Heron Walk,Halifax,1,127738
2452,4304,5469 Heron Walk,Halifax,1,127738
2453,4304,5471 Heron Walk,Halifax,1,127738
2454,4304,5473 Heron Walk,Halifax,1,127738
2455,4304,5475 Heron Walk,Halifax,1,127738
2456,4304,5477 Heron Walk,Halifax,1,127738
2457,4304,2458 Aukland Pl,Halifax,1,127720
2458,4304,2454 Aukland Pl,Halifax,1,127720
2459,4304,2439 Middle Lane,Halifax,1,127720
2460,4304,2441 Middle Lane,Halifax,1,127720
2461,4304,2443 Middle Lane,Halifax,1,127720
2462,4304,2445 Middle Lane,Halifax,1,127720
2463,4304,2447 Middle Lane,Halifax,1,127720
2464,4304,2448 Middle Lane,Halifax,1,127720
2465,4304,2449 Middle Lane,Halifax,1,127720
2466,4304,2451 Middle Lane,Halifax,1,127720
2467,4304,2453 Middle Lane,Halifax,1,127720
2468,4304,2455 Middle Lane,Halifax,1,127720
2469,4304,2456 Middle Lane,Halifax,1,127720
2470,4304,2457 Middle Lane,Halifax,1,127720
2471,4304,2459 Middle Lane,Halifax,1,127720
2472,4304,5412 Sunrise Walk,Halifax,1,127720
2473,4304,5414 Sunrise Walk,Halifax,1,127720
2474,4304,5416 Sunrise Walk,Halifax,1,127720
2475,4304,5418 Sunrise Walk,Halifax,1,127720
2476,4304,5420 Sunrise Walk,Halifax,1,127720
2477,4304,5422 Sunrise Walk,Halifax,1,127720
2478,4304,5438 Sunrise Walk,Halifax,1,127720
2479,4304,5440 Sunrise Walk,Halifax,1,127720
2480,4304,5442 Sunrise Walk,Halifax,1,127720
2481,4304,5444 Sunrise Walk,Halifax,1,127720
2482,4304,5446 Sunrise Walk,Halifax,1,127720
2483,4304,5448 Sunrise Walk,Halifax,1,127720
2484,4304,5450 Sunrise Walk,Halifax,1,127720
2485,4304,5452 Sunrise Walk,Halifax,1,127720
2486,4304,5466 Sunrise Walk,Halifax,1,127720
2487,4304,5470 Sunrise Walk,Halifax,1,127720
2488,4304,5468 Sunrise Walk,Halifax,1,127720
2489,4304,5472 Sunrise Walk,Halifax,1,127720
2490,4304,5474 Sunrise Walk,Halifax,1,127720
2491,4304,5476 Sunrise Walk,Halifax,1,127720
2492,4304,5478 Sunrise Walk,Halifax,1,127720
2493,4304,5480 Sunrise Walk,Halifax,1,127720
2494,4304,2398 Brunswick St,Halifax,1,127738
2495,4304,2402 Brunswick St,Halifax,1,127738
2496,4304,2404 Brunswick St,Halifax,1,127738
2497,4304,2406 Brunswick St,Halifax,1,127738
2498,4304,2408 Brunswick St,Halifax,1,127738
2499,4304,2410 Brunswick St,Halifax,1,127738
2500,4304,2412 Brunswick St,Halifax,1,127738
2501,4304,2400 Brunswick St,Halifax,1,127738
2502,4304,2414 Brunswick St,Halifax,1,127738
2503,4304,2438 Brunswick St,Halifax,1,127720
2504,4304,2442 Brunswick St,Halifax,1,127720
2505,4304,2440 Brunswick St,Halifax,1,127720
2506,4304,2444 Brunswick St,Halifax,1,127720
2507,4304,2446 Brunswick St,Halifax,1,127720
2508,4304,2448 Brunswick St,Halifax,1,127720
2509,4304,2450 Brunswick St,Halifax,1,127720
2510,4304,2452 Brunswick St,Halifax,1,127720
2511,4304,2454 Brunswick St,Halifax,1,127720
2512,4304,2456 Brunswick St,Halifax,1,127720
2513,4304,2458 Brunswick St,Halifax,1,127720
2514,4304,2460 Brunswick St,Halifax,1,127720
2515,4304,2401 Gottingen St,Halifax,1,127738
2516,4304,2403 Gottingen St,Halifax,1,127738
2517,4304,2405 Gottingen St,Halifax,1,127738
2518,4304,2407 Gottingen St,Halifax,1,127738
2519,4304,2409 Gottingen St,Halifax,1,127738
2520,4304,2411 Gottingen St,Halifax,1,127738
2521,4304,2413 Gottingen St,Halifax,1,127738
2522,4304,2417 Gottingen St,Halifax,1,127738
2523,4304,2419 Gottingen St,Halifax,1,127738
2524,4304,2421 Gottingen St,Halifax,1,127738
2525,4304,2439 Gottingen St,Halifax,1,127720
2526,4304,2441 Gottingen St,Halifax,1,127720
2527,4304,2443 Gottingen St,Halifax,1,127720
2528,4304,2445 Gottingen St,Halifax,1,127720
2529,4304,2447 Gottingen St,Halifax,1,127720
2530,4304,2449 Gottingen St,Halifax,1,127720
2531,4304,2451 Gottingen St,Halifax,1,127720
2532,4304,2453 Gottingen St,Halifax,1,127720
2533,4304,2455 Gottingen St,Halifax,1,127720
2534,4304,2457 Gottingen St,Halifax,1,127720
2535,4304,2459 Gottingen St,Halifax,1,127720
2536,4304,2461 Gottingen St,Halifax,1,127720
2537,4304,2463 Gottingen St,Halifax,1,127720
2538,4304,2465 Gottingen St,Halifax,1,127720
2539,4304,5412 Uniacke St,Halifax,1,127738
2540,4304,5414 Uniacke St,Halifax,1,127738
2541,4304,5416 Uniacke St,Halifax,1,127738
2542,4304,5418 Uniacke St,Halifax,1,127738
2543,4304,5420 Uniacke St,Halifax,1,127738
2544,4304,5422 Uniacke St,Halifax,1,127738
2545,4304,5424 Uniacke St,Halifax,1,127738
2546,4304,5426 Uniacke St,Halifax,1,127738
2547,4304,5428 Uniacke St,Halifax,1,127738
2548,4304,5439 Uniacke St,Halifax,1,127720
2549,4304,5441 Uniacke St,Halifax,1,127720
2550,4304,5443 Uniacke St,Halifax,1,127720
2551,4304,5445 Uniacke St,Halifax,1,127720
2552,4304,5446 Uniacke St,Halifax,1,127738
2553,4304,5448 Uniacke St,Halifax,1,127738
2554,4304,5450 Uniacke St,Halifax,1,127738
2555,4304,5452 Uniacke St,Halifax,1,127738
2556,4304,5464 Uniacke St,Halifax,1,127738
2557,4304,5466 Uniacke St,Halifax,1,127738
2558,4304,5468 Uniacke St,Halifax,1,127738
2559,4304,5469 Uniacke St,Halifax,1,127720
2560,4304,5470 Uniacke St,Halifax,1,127738
2561,4304,5471 Uniacke St,Halifax,1,127720
2562,4304,5472 Uniacke St,Halifax,1,127738
2563,4304,5473 Uniacke St,Halifax,1,127720
2564,4304,5475 Uniacke St,Halifax,1,127720
2565,4305,2414 Creighton St,Halifax,1,149336
2566,4305,2416 Creighton St,Halifax,1,149336
2567,4305,2418 Creighton St,Halifax,1,149336
2568,4305,2420 Creighton St,Halifax,1,149336
2569,4305,2422 Creighton St,Halifax,1,149336
2570,4305,2424 Creighton St,Halifax,1,149336
2571,4305,2425 Creighton St,Halifax,1,149112
2572,4305,2426 Creighton St,Halifax,1,149336
2573,4305,2427 Creighton St,Halifax,1,149112
2574,4305,2429 Creighton St,Halifax,1,149112
2575,4305,2431 Creighton St,Halifax,1,149112
2576,4305,2433 Creighton St,Halifax,1,149112
2577,4305,2435 Creighton St,Halifax,1,149112
2578,4305,2436 Creighton St,Halifax,1,149336
2579,4305,2437 Creighton St,Halifax,1,149112
2580,4305,2438 Creighton St,Halifax,1,149336
2581,4305,2439 Creighton St,Halifax,1,149112
2582,4305,2440 Creighton St,Halifax,1,149336
2583,4305,2441 Creighton St,Halifax,1,149112
2584,4305,2442 Creighton St,Halifax,1,149336
2585,4305,2443 Creighton St,Halifax,1,149112
2586,4305,2444 Creighton St,Halifax,1,149336
2587,4305,2446 Creighton St,Halifax,1,149336
2588,4305,2448 Creighton St,Halifax,1,149336
2589,4305,2450 Creighton St,Halifax,1,149336
2590,4307,2313 Gottingen St,Halifax,95,127993
2591,4304,2415 Gottingen St,Halifax,1,127738
2592,4308,112 Greystone Dr,Halifax,1,283309
2593,4308,113 Greystone Dr,Halifax,1,283309
2594,4308,114 Greystone Dr,Halifax,1,283309
2595,4308,115 Greystone Dr,Halifax,1,283309
2596,4308,116 Greystone Dr,Halifax,1,283309
2597,4308,117 Greystone Dr,Halifax,1,283309
2598,4308,120 Greystone Dr,Halifax,1,283309
2599,4308,122 Greystone Dr,Halifax,1,283309
2600,4308,121 Greystone Dr,Halifax,1,283309
2601,4308,123 Greystone Dr,Halifax,1,283309
2602,4308,124 Greystone Dr,Halifax,1,283309
2603,4308,125 Greystone Dr,Halifax,1,283309
2604,4308,130 Greystone Dr,Halifax,1,283309
2605,4308,134 Greystone Dr,Halifax,1,283309
2606,4308,132 Greystone Dr,Halifax,1,283309
2607,4308,138 Greystone Dr,Halifax,1,283309
2608,4308,140 Greystone Dr,Halifax,1,283309
2609,4308,142 Greystone Dr,Halifax,1,283309
2610,4308,146 Greystone Dr,Halifax,1,283309
2611,4308,148 Greystone Dr,Halifax,1,283309
2612,4308,150 Greystone Dr,Halifax,1,283309
2613,4308,154 Greystone Dr,Halifax,1,283309
2614,4308,156 Greystone Dr,Halifax,1,283309
2615,4308,158 Greystone Dr,Halifax,1,283309
2616,4308,162 Greystone Dr,Halifax,1,283309
2617,4308,164 Greystone Dr,Halifax,1,283309
2618,4308,166 Greystone Dr,Halifax,1,283309
2619,4308,170 Greystone Dr,Halifax,1,283309
2620,4308,172 Greystone Dr,Halifax,1,283309
2621,4308,174 Greystone Dr,Halifax,1,283309
2622,4308,180 Greystone Dr,Halifax,1,283309
2623,4308,182 Greystone Dr,Halifax,1,283309
2624,4308,184 Greystone Dr,Halifax,1,283309
2625,4308,188 Greystone Dr,Halifax,1,283309
2626,4308,190 Greystone Dr,Halifax,1,283309
2627,4308,192 Greystone Dr,Halifax,1,283309
2628,4308,3 Orange Walk,Halifax,1,283309
2629,4308,1 Orange Walk,Halifax,1,283309
2630,4308,5 Orange Walk,Halifax,1,283309
2631,4308,9 Orange Walk,Halifax,1,283309
2632,4308,11 Orange Walk,Halifax,1,283309
2633,4308,13 Orange Walk,Halifax,1,283309
2634,4308,17 Orange Walk,Halifax,1,283309
2635,4308,18 Orange Walk,Halifax,1,283309
2636,4308,19 Orange Walk,Halifax,1,283309
2637,4308,20 Orange Walk,Halifax,1,283309
2638,4308,21 Orange Walk,Halifax,1,283309
2639,4308,22 Orange Walk,Halifax,1,283309
2640,4308,25 Orange Walk,Halifax,1,283309
2641,4308,26 Orange Walk,Halifax,1,283309
2642,4308,27 Orange Walk,Halifax,1,283309
2643,4308,28 Orange Walk,Halifax,1,283309
2644,4308,29 Orange Walk,Halifax,1,283309
2645,4308,30 Orange Walk,Halifax,1,283309
2646,4308,2 Cobalt Walk,Halifax,1,283309
2647,4308,4 Cobalt Walk,Halifax,1,283309
2648,4308,6 Cobalt Walk,Halifax,1,283309
2649,4308,10 Cobalt Walk,Halifax,1,283309
2650,4308,12 Cobalt Walk,Halifax,1,283309
2651,4308,14 Cobalt Walk,Halifax,1,283309
2652,4308,24 Cobalt Walk,Halifax,1,283309
2653,4308,26 Cobalt Walk,Halifax,1,283309
2654,4308,28 Cobalt Walk,Halifax,1,283309
2655,4308,32 Cobalt Walk,Halifax,1,283309
2656,4308,34 Cobalt Walk,Halifax,1,283309
2657,4308,36 Cobalt Walk,Halifax,1,283309
2658,4308,12 Meadow Green Walk,Halifax,1,283309
2659,4308,10 Meadow Green Walk,Halifax,1,283309
2660,4308,14 Meadow Green Walk,Halifax,1,283309
2661,4308,18 Meadow Green Walk,Halifax,1,283309
2662,4308,20 Meadow Green Walk,Halifax,1,283309
2663,4308,22 Meadow Green Walk,Halifax,1,283309
2664,4308,1 Cranberry Crt,Halifax,1,283309
2665,4308,3 Cranberry Crt,Halifax,1,283309
2666,4308,2 Cranberry Crt,Halifax,1,283309
2667,4308,4 Cranberry Crt,Halifax,1,283309
2668,4308,5 Cranberry Crt,Halifax,1,283309
2669,4308,9 Cranberry Crt,Halifax,1,283309
2670,4308,11 Cranberry Crt,Halifax,1,283309
2671,4308,10 Cranberry Crt,Halifax,1,283309
2672,4308,12 Cranberry Crt,Halifax,1,283309
2673,4308,13 Cranberry Crt,Halifax,1,283309
2674,4308,14 Cranberry Crt,Halifax,1,283309
2675,4308,18 Cranberry Crt,Halifax,1,283309
2676,4308,22 Cranberry Crt,Halifax,1,283309
2677,4308,26 Cranberry Crt,Halifax,1,283309
2678,4308,28 Cranberry Crt,Halifax,1,283309
2679,4308,30 Cranberry Crt,Halifax,1,283309
2680,4308,2 Lemon Walk,Halifax,1,283309
2681,4308,4 Lemon Walk,Halifax,1,283309
2682,4308,6 Lemon Walk,Halifax,1,283309
2683,4308,10 Lemon Walk,Halifax,1,283309
2684,4308,12 Lemon Walk,Halifax,1,283309
2685,4308,14 Lemon Walk,Halifax,1,283309
2686,4308,16 Lemon Walk,Halifax,1,283309
2687,4308,18 Lemon Walk,Halifax,1,283309
2688,4308,20 Lemon Walk,Halifax,1,283309
2689,4308,21 Lemon Walk,Halifax,1,283309
2690,4308,23 Lemon Walk,Halifax,1,283309
2691,4308,25 Lemon Walk,Halifax,1,283309
2692,4308,26 Lemon Walk,Halifax,1,283309
2693,4308,20 Cranberry Crt,Halifax,1,283309
2694,4308,28 Lemon Walk,Halifax,1,283309
2695,4308,30 Lemon Walk,Halifax,1,283309
2696,4308,29 Lemon Walk,Halifax,1,283309
2697,4308,31 Lemon Walk,Halifax,1,283309
2698,4308,33 Lemon Walk,Halifax,1,283309
2699,4308,40 Lemon Walk,Halifax,1,283309
2700,4308,42 Lemon Walk,Halifax,1,283309
2701,4308,44 Lemon Walk,Halifax,1,283309
2702,4308,48 Lemon Walk,Halifax,1,283309
2703,4308,50 Lemon Walk,Halifax,1,283309
2704,4308,52 Lemon Walk,Halifax,1,283309
2705,4308,55 Lemon Walk,Halifax,1,283309
2706,4308,56 Lemon Walk,Halifax,1,283309
2707,4308,58 Lemon Walk,Halifax,1,283309
2708,4308,57 Lemon Walk,Halifax,1,283309
2709,4308,59 Lemon Walk,Halifax,1,283309
2710,4308,60 Lemon Walk,Halifax,1,283309
2711,4308,63 Lemon Walk,Halifax,1,283309
2712,4308,64 Lemon Walk,Halifax,1,283309
2713,4308,65 Lemon Walk,Halifax,1,283309
2714,4308,66 Lemon Walk,Halifax,1,283309
2715,4308,67 Lemon Walk,Halifax,1,283309
2716,4308,68 Lemon Walk,Halifax,1,283309
2717,4308,72 Lemon Walk,Halifax,1,283309
2718,4308,74 Lemon Walk,Halifax,1,283309
2719,4308,76 Lemon Walk,Halifax,1,283309
2720,4308,80 Lemon Walk,Halifax,1,283309
2721,4308,82 Lemon Walk,Halifax,1,283309
2722,4308,84 Lemon Walk,Halifax,1,283309
2723,4308,17 Goldfinch Walk,Halifax,1,283309
2724,4308,19 Goldfinch Walk,Halifax,1,283309
2725,4308,23 Goldfinch Walk,Halifax,1,283309
2726,4308,25 Goldfinch Walk,Halifax,1,283309
2727,4308,27 Goldfinch Walk,Halifax,1,283309
2728,4308,2 Indigo Walk,Halifax,1,283309
2729,4308,10 Indigo Walk,Halifax,1,283309
2730,4308,12 Indigo Walk,Halifax,1,283309
2731,4308,13 Indigo Walk,Halifax,1,283309
2732,4308,14 Indigo Walk,Halifax,1,283309
2733,4308,15 Indigo Walk,Halifax,1,283309
2734,4308,17 Indigo Walk,Halifax,1,283309
2735,4308,20 Indigo Walk,Halifax,1,283309
2736,4308,21 Indigo Walk,Halifax,1,283309
2737,4308,22 Indigo Walk,Halifax,1,283309
2738,4308,23 Indigo Walk,Halifax,1,283309
2739,4308,24 Indigo Walk,Halifax,1,283309
2740,4308,25 Indigo Walk,Halifax,1,283309
2741,4308,28 Indigo Walk,Halifax,1,283309
2742,4308,30 Indigo Walk,Halifax,1,283309
2743,4308,32 Indigo Walk,Halifax,1,283309
2744,4308,37 Indigo Walk,Halifax,1,283309
2745,4308,39 Indigo Walk,Halifax,1,283309
2746,4308,41 Indigo Walk,Halifax,1,283309
2747,4308,45 Indigo Walk,Halifax,1,283309
2748,4308,47 Indigo Walk,Halifax,1,283309
2749,4308,49 Indigo Walk,Halifax,1,283309
2750,4308,2 Lavender Walk,Halifax,1,283309
2751,4308,4 Lavender Walk,Halifax,1,283309
2752,4308,6 Lavender Walk,Halifax,1,283309
2753,4308,10 Lavender Walk,Halifax,1,283309
2754,4308,12 Lavender Walk,Halifax,1,283309
2755,4308,14 Lavender Walk,Halifax,1,283309
2756,4308,20 Lavender Walk,Halifax,1,283309
2757,4308,22 Lavender Walk,Halifax,1,283309
2758,4308,23 Lavender Walk,Halifax,1,283309
2759,4308,24 Lavender Walk,Halifax,1,283309
2760,4308,25 Lavender Walk,Halifax,1,283309
2761,4308,27 Lavender Walk,Halifax,1,283309
2762,4308,28 Lavender Walk,Halifax,1,283309
2763,4308,30 Lavender Walk,Halifax,1,283309
2764,4308,31 Lavender Walk,Halifax,1,283309
2765,4308,32 Lavender Walk,Halifax,1,283309
2766,4308,33 Lavender Walk,Halifax,1,283309
2767,4308,35 Lavender Walk,Halifax,1,283309
2768,4308,36 Lavender Walk,Halifax,1,283309
2769,4308,38 Lavender Walk,Halifax,1,283309
2770,4308,40 Lavender Walk,Halifax,1,283309
2771,4308,44 Lavender Walk,Halifax,1,283309
2772,4308,46 Lavender Walk,Halifax,1,283309
2773,4308,47 Lavender Walk,Halifax,1,283309
2774,4308,48 Lavender Walk,Halifax,1,283309
2775,4308,49 Lavender Walk,Halifax,1,283309
2776,4308,51 Lavender Walk,Halifax,1,283309
2777,4308,52 Lavender Walk,Halifax,1,283309
2778,4308,54 Lavender Walk,Halifax,1,283309
2779,4308,55 Lavender Walk,Halifax,1,283309
2780,4308,56 Lavender Walk,Halifax,1,283309
2781,4308,57 Lavender Walk,Halifax,1,283309
2782,4308,59 Lavender Walk,Halifax,1,283309
2783,4308,60 Lavender Walk,Halifax,1,283309
2784,4308,62 Lavender Walk,Halifax,1,283309
2785,4308,63 Lavender Walk,Halifax,1,283309
2786,4308,64 Lavender Walk,Halifax,1,283309
2787,4308,65 Lavender Walk,Halifax,1,283309
2788,4308,67 Lavender Walk,Halifax,1,283309
2789,4308,68 Lavender Walk,Halifax,1,283309
2790,4308,71 Lavender Walk,Halifax,1,283309
2791,4308,72 Lavender Walk,Halifax,1,283309
2792,4308,73 Lavender Walk,Halifax,1,283309
2793,4308,75 Lavender Walk,Halifax,1,283309
2794,4308,76 Lavender Walk,Halifax,1,283309
2795,4308,78 Lavender Walk,Halifax,1,283309
2796,4308,80 Lavender Walk,Halifax,1,283309
2797,4308,84 Lavender Walk,Halifax,1,283309
2798,4308,86 Lavender Walk,Halifax,1,283309
2799,4308,88 Lavender Walk,Halifax,1,283309
2800,4308,92 Lavender Walk,Halifax,1,283309
2801,4308,93 Lavender Walk,Halifax,1,283309
2802,4308,15 Goldfinch Walk,Halifax,1,283309
2803,4308,94 Lavender Walk,Halifax,1,283309
2804,4308,96 Lavender Walk,Halifax,1,283309
2805,4308,95 Lavender Walk,Halifax,1,283309
2806,4308,97 Lavender Walk,Halifax,1,283309
2807,4308,100 Lavender Walk,Halifax,1,283309
2808,4308,101 Lavender Walk,Halifax,1,283309
2809,4308,102 Lavender Walk,Halifax,1,283309
2810,4308,103 Lavender Walk,Halifax,1,283309
2811,4308,104 Lavender Walk,Halifax,1,283309
2812,4308,105 Lavender Walk,Halifax,1,283309
2813,4308,108 Lavender Walk,Halifax,1,283309
2814,4308,112 Lavender Walk,Halifax,1,283309
2815,4308,110 Lavender Walk,Halifax,1,283309
2816,4308,115 Lavender Walk,Halifax,1,283309
2817,4308,113 Lavender Walk,Halifax,1,283309
2818,4308,116 Lavender Walk,Halifax,1,283309
2819,4308,117 Lavender Walk,Halifax,1,283309
2820,4308,118 Lavender Walk,Halifax,1,283309
2821,4308,120 Lavender Walk,Halifax,1,283309
2822,4308,123 Lavender Walk,Halifax,1,283309
2823,4308,121 Lavender Walk,Halifax,1,283309
2824,4308,124 Lavender Walk,Halifax,1,283309
2825,4308,125 Lavender Walk,Halifax,1,283309
2826,4308,126 Lavender Walk,Halifax,1,283309
2827,4308,128 Lavender Walk,Halifax,1,283309
2828,4308,132 Lavender Walk,Halifax,1,283309
2829,4308,134 Lavender Walk,Halifax,1,283309
2830,4308,136 Lavender Walk,Halifax,1,283309
2831,4308,140 Lavender Walk,Halifax,1,283309
2832,4308,142 Lavender Walk,Halifax,1,283309
2833,4308,144 Lavender Walk,Halifax,1,283309
2834,4308,148 Lavender Walk,Halifax,1,283309
2835,4308,150 Lavender Walk,Halifax,1,283309
2836,4308,152 Lavender Walk,Halifax,1,283309
2837,4308,156 Lavender Walk,Halifax,1,283309
2838,4308,158 Lavender Walk,Halifax,1,283309
2839,4308,160 Lavender Walk,Halifax,1,283309
2840,4316,2452 Gottingen St,Halifax,4,148783
2841,4316,2560 Gottingen St,Halifax,3,169730
2842,4316,2448 Gottingen St,Halifax,4,148783
2843,4316,5663 Cunard St,Halifax,1,158154
2844,4316,5665 Cunard St,Halifax,1,158154
2845,4316,5667 Cunard St,Halifax,1,158154
2846,4316,5669 Cunard St,Halifax,1,158154
2847,4316,5671 Cunard St,Halifax,1,158154
2848,4316,2023 Maynard St,Halifax,1,159319
2849,4316,2025 Maynard St,Halifax,1,159319
2850,4316,2027 Maynard St,Halifax,1,159319
2851,4316,2103 Maynard St,Halifax,1,158790
2852,4316,2105 Maynard St,Halifax,1,158790
2853,4316,2107 Maynard St,Halifax,1,158790
2854,4318,2533 Gottingen St,Halifax,1,40268484
2855,4318,2531 Gottingen St,Halifax,1,40268484
2856,4318,2535 Gottingen St,Halifax,1,40268484
2857,4318,2537 Gottingen St,Halifax,1,40268484
2858,4318,2539 Gottingen St,Halifax,1,40268484
2859,4318,2541 Gottingen St,Halifax,1,40268484
2860,4318,2023 Bauer St,Halifax,1,159822
2861,4318,2025 Bauer St,Halifax,1,159822
2862,4318,1 Greystone Dr,Halifax,1,40098741
2863,4318,3 Greystone Dr,Halifax,1,40098741
2864,4318,7 Greystone Dr,Halifax,1,40098741
2865,4308,15 Orange Walk,Halifax,1,283309
2866,4320,6 Forbes St,Halifax,1,40095952
2867,4320,8 Forbes St,Halifax,1,40095952
2868,4320,10 Forbes St,Halifax,1,40095952
2869,4308,6 Cranberry Crt,Halifax,1,283309
2870,4320,12 Forbes St,Halifax,1,40095952
2871,4320,14 Forbes St,Halifax,1,40095952
2872,4308,4 Indigo Walk,Halifax,1,283309
2873,4320,16 Forbes St,Halifax,1,40095952
2874,4308,6 Indigo Walk,Halifax,1,283309
2875,4320,18 Forbes St,Halifax,1,40095952
2876,4320,20 Forbes St,Halifax,1,40095952
2877,4320,8 Greystone Dr,Halifax,1,40098816
2878,4308,70 Lavender Walk,Halifax,1,283309
2879,4308,7 Orange Walk,Halifax,1,283309
2880,4320,10 Greystone Dr,Halifax,1,40098816
2881,4321,2398 Maynard St,Halifax,1,152033
2882,4321,2400 Maynard St,Halifax,1,152033
2883,4321,5656 West St,Halifax,1,152033
2884,4321,5658 West St,Halifax,1,152033
2885,4349,28 Gebhardt St,Halifax,4,322081
2888,4318,5 Greystone Dr,Halifax,1,40098741
