Account ID,Account Name,nsbi_sector,Deal Type,NSBI Financial Contribution (Commitment/Announced),Place Name,nsbi_county,PostalCode,fiscal year,Longitude,Latitude,New Georeferenced Column
1,Northern Business Intelligence,ICT (includes Digital Media),Business Development Program,10850,Dartmouth,Halifax Regional Municipality,B3B1T4,2018 - 2019,-63.59236,44.70609,POINT (-63.59236 44.70609)
2,Fourth State Energy Incorporated,Energy,Business Development Program,3750,Halifax,Halifax Regional Municipality,B3J2L4,2018 - 2019,-63.632286,44.654755,POINT (-63.632286 44.654755)
3,Skinfix Inc,Advanced Manufacturing,Business Development Program,8100,Halifax,Halifax Regional Municipality,B3J1R9,2018 - 2019,-63.570552,44.645084,POINT (-63.570552 44.645084)
4,SimplyCast Interactive Marketing LTD.,ICT (includes Digital Media),Business Development Program,12500,Dartmouth,Halifax Regional Municipality,B2W6E2,2018 - 2019,-63.535262,44.681461,POINT (-63.535262 44.681461)
5,En Point Inc,ICT (includes Digital Media),Business Development Program,2520,Halifax,Halifax Regional Municipality,B3J3M8,2018 - 2019,-63.5727,44.647395,POINT (-63.5727 44.647395)
6,BlueLight Analytics Inc,Life Sciences,Business Development Program,25000,Halifax,Halifax Regional Municipality,B3L4G4,2018 - 2019,-63.620539,44.642071,POINT (-63.620539 44.642071)
7,Ednaturals Bar,Agri-food,Business Development Program,2450,Halifax,Halifax Regional Municipality,B3P1H5,2018 - 2019,-63.610642,44.617409,POINT (-63.610642 44.617409)
8,Focal Technologies Corporation,Oceans Technology,Business Development Program,4775,Dartmouth,Halifax Regional Municipality,B3B1Z4,2018 - 2019,-63.587502,44.711855,POINT (-63.587502 44.711855)
9,Cove Kombucha,Agri-food,Business Development Program,8400,Halifax,Halifax Regional Municipality,B3J2J9,2018 - 2019,-63.576924,44.640981,POINT (-63.576924 44.640981)
10,Dormie Golf Workshop Inc.,Advanced Manufacturing,Business Development Program,14950,Halifax,Halifax Regional Municipality,B3K2Y3,2018 - 2019,-63.590301,44.660963,POINT (-63.590301 44.660963)
11,B4Checkin Limited,ICT (includes Digital Media),Business Development Program,19000,Halifax,Halifax Regional Municipality,B3J3S9,2018 - 2019,-63.586911,44.640361,POINT (-63.586911 44.640361)
12,Fundmetric Incorporated,ICT (includes Digital Media),Business Development Program,7500,Halifax,Halifax Regional Municipality,B3J3K3,2018 - 2019,-63.57813098,44.64335495,POINT (-63.57813098 44.64335495)
13,Precision BioLogic Incorporated,Life Sciences,Business Development Program,4750,Dartmouth,Halifax Regional Municipality,B3B0A9,2018 - 2019,-63.573165,44.695212,POINT (-63.573165 44.695212)
14,Duckish Natural Skin Care Limited,Advanced Manufacturing,Business Development Program,9375,Halifax,Halifax Regional Municipality,B3L1K1,2018 - 2019,-63.595101,44.649822,POINT (-63.595101 44.649822)
15,Eyeread Inc.,ICT (includes Digital Media),Business Development Program,15000,Dartmouth,Halifax Regional Municipality,B3B1E8,2018 - 2019,-63.613528,44.694128,POINT (-63.613528 44.694128)
16,WarrierTech Inc,ICT (includes Digital Media),Business Development Program,13336,Halifax,Halifax Regional Municipality,B3H1Y1,2018 - 2019,-63.5849,44.640901,POINT (-63.5849 44.640901)
17,Unleash Surf Inc.,Travel & Accommodation,Business Development Program,5000,Halifax,Halifax Regional Municipality,B3K3S3,2018 - 2019,-63.590597,44.655797,POINT (-63.590597 44.655797)
18,Atlantic Institute for Resilience Inc.,Life Sciences,Business Development Program,13750,Halifax,Halifax Regional Municipality,B3H1Y4,2018 - 2019,-63.585161,44.640827,POINT (-63.585161 44.640827)
19,Cribcut,ICT (includes Digital Media),Business Development Program,7500,Halifax,Halifax Regional Municipality,B3J3R7,2018 - 2019,-63.57614729,44.65208895,POINT (-63.57614729 44.65208895)
20,Sealand Building Group Inc,Advanced Manufacturing,Business Development Program,22500,Halifax,Halifax Regional Municipality,B4B1G2,2018 - 2019,-63.741086,44.724533,POINT (-63.741086 44.724533)
21,Made with Local Snack Foods Inc.,Agri-food,Business Development Program,15750,Dartmouth,Halifax Regional Municipality,B2Y2V9,2018 - 2019,-63.568797,44.669949,POINT (-63.568797 44.669949)
22,InterTalk Critical Information Systems Inc,ICT (includes Digital Media),Business Development Program,14850,Dartmouth,Halifax Regional Municipality,B3B1J4,2018 - 2019,-63.611144,44.704132,POINT (-63.611144 44.704132)
23,Bend Beauty Inc.,Life Sciences,Business Development Program,10000,Halifax,Halifax Regional Municipality,B3J1C7,2018 - 2019,-63.577291,44.639639,POINT (-63.577291 44.639639)
24,Made with Local Snack Foods Inc.,Agri-food,Business Development Program,2100,Dartmouth,Halifax Regional Municipality,B2Y2V9,2018 - 2019,-63.568797,44.669949,POINT (-63.568797 44.669949)
25,Chocolate Hackers,Agri-food,Business Development Program,375,Halifax,Halifax Regional Municipality,B3K2H7,2018 - 2019,-63.604915,44.665088,POINT (-63.604915 44.665088)
26,Grey Lit Matters Inc,ICT (includes Digital Media),Business Development Program,7560,Halifax,Halifax Regional Municipality,B3P1A8,2018 - 2019,-63.608219,44.630968,POINT (-63.608219 44.630968)
27,DynaGen Technologies Incorporated,Advanced Manufacturing,Business Development Program,14775,Dartmouth,Halifax Regional Municipality,B3B1W8,2018 - 2019,-63.579683,44.70058,POINT (-63.579683 44.70058)
28,EfficiencyOne Services Inc,Business Services,Business Development Program,2875,Dartmouth,Halifax Regional Municipality,B3B1G5,2018 - 2019,-63.605171,44.69816,POINT (-63.605171 44.69816)
29,Bereda Training Inc.,ICT (includes Digital Media),Business Development Program,15000,Halifax,Halifax Regional Municipality,B3J3K5,2018 - 2019,-63.572554,44.644489,POINT (-63.572554 44.644489)
30,Iris Booth Incorporated,Business Services,Business Development Program,8000,Halifax,Halifax Regional Municipality,B3K2Z8,2018 - 2019,-63.581653,44.651755,POINT (-63.581653 44.651755)
31,Densitas Inc,ICT (includes Digital Media),Business Development Program,15000,Halifax,Halifax Regional Municipality,B3H3Z1,2018 - 2019,-63.59645,44.637136,POINT (-63.59645 44.637136)
32,Novate Systems Inc.,Engineering & Professional,Business Development Program,7000,Dartmouth,Halifax Regional Municipality,B3B1P7,2018 - 2019,-63.61637086,44.70527104,POINT (-63.61637086 44.70527104)
33,Bend Beauty Inc.,Life Sciences,Business Development Program,15000,Halifax,Halifax Regional Municipality,B3J1C7,2018 - 2019,-63.577291,44.639639,POINT (-63.577291 44.639639)
34,MindSea Development Incorporated,ICT (includes Digital Media),Business Development Program,25000,Halifax,Halifax Regional Municipality,B3J3M8,2018 - 2019,-63.5727,44.647395,POINT (-63.5727 44.647395)
35,Site 2020 Inc.,ICT (includes Digital Media),Business Development Program,25000,Dartmouth,Halifax Regional Municipality,B3B1L3,2018 - 2019,-63.595664,44.704755,POINT (-63.595664 44.704755)
36,Athletigen Technologies Inc,Life Sciences,Business Development Program,25000,Halifax,Halifax Regional Municipality,B3J1G1,2018 - 2019,-63.57539255,44.64341829,POINT (-63.57539255 44.64341829)
37,Spring Loaded Technology Incorporated,Life Sciences,Business Development Program,25000,Halifax,Halifax Regional Municipality,B3K1P5,2018 - 2019,-63.596475,44.653518,POINT (-63.596475 44.653518)
38,Boondoc Technologies Inc (The Rounds),ICT (includes Digital Media),Business Development Program,8063,Halifax,Halifax Regional Municipality,B3K4X5,2018 - 2019,-63.611268,44.662185,POINT (-63.611268 44.662185)
39,The 7 Virtues Beauty Inc,Advanced Manufacturing,Business Development Program,15000,Halifax,Halifax Regional Municipality,B3H1B1,2018 - 2019,-63.574296,44.624597,POINT (-63.574296 44.624597)
40,902HipHop Inc.,ICT (includes Digital Media),Business Development Program,15000,Halifax,Halifax Regional Municipality,B3K4N7,2018 - 2019,-63.594931,44.654736,POINT (-63.594931 44.654736)
41,MetOcean Telematics Limited,Oceans Technology,Business Development Program,24750,Dartmouth,Halifax Regional Municipality,B3B1R9,2018 - 2019,-63.595049,44.699403,POINT (-63.595049 44.699403)
42,Blue Harbour Cheese Incorporated,Agri-food,Business Development Program,3750,Halifax,Halifax Regional Municipality,B3K4S7,2018 - 2019,-63.611255,44.665687,POINT (-63.611255 44.665687)
43,Current Studios Inc,ICT (includes Digital Media),Export Growth Program,8713,Halifax,Halifax Regional Municipality,B3J3X8,2018 - 2019,-63.576767,44.64669,POINT (-63.576767 44.64669)
44,R&G Strategic Inc,Business Services,Export Growth Program,3375,Halifax,Halifax Regional Municipality,B3K5J7,2018 - 2019,-63.59056367,44.64722055,POINT (-63.59056367 44.64722055)
45,Digital Cinema Labs Inc.,Film Production,Export Growth Program,1600,Halifax,Halifax Regional Municipality,B3H2V1,2018 - 2019,-63.573651,44.632871,POINT (-63.573651 44.632871)
46,Grey Lit Matters Inc,ICT (includes Digital Media),Export Growth Program,875,Halifax,Halifax Regional Municipality,B3P1A8,2018 - 2019,-63.608219,44.630968,POINT (-63.608219 44.630968)
47,Roswall Development Incorporated,Energy,Export Growth Program,9200,Halifax,Halifax Regional Municipality,B3M2L3,2018 - 2019,-63.66099,44.683287,POINT (-63.66099 44.683287)
48,EcoPilot Canada Inc.,Engineering & Professional,Export Growth Program,5520,Halifax,Halifax Regional Municipality,B3J3L7,2018 - 2019,-63.575048,44.649083,POINT (-63.575048 44.649083)
49,Made with Local Snack Foods Inc.,Agri-food,Export Growth Program,500,Dartmouth,Halifax Regional Municipality,B2Y2V9,2018 - 2019,-63.568797,44.669949,POINT (-63.568797 44.669949)
50,"Accomplice Content Supply Co., Inc.",Film Production,Export Growth Program,5418,Halifax,Halifax Regional Municipality,B3K4C6,2018 - 2019,-63.593146,44.655027,POINT (-63.593146 44.655027)
51,Beyond Food Inc.,Agri-food,Export Growth Program,4717,Dartmouth,Halifax Regional Municipality,B3B1W2,2018 - 2019,-63.580528,44.698469,POINT (-63.580528 44.698469)
52,Chain-Yard Cider Inc,Agri-food,Export Growth Program,2209,Halifax,Halifax Regional Municipality,B3K4C8,2018 - 2019,-63.593851,44.655519,POINT (-63.593851 44.655519)
53,East Coast School of Languages (ECSL),Business Services,Export Growth Program,7206,Halifax,Halifax Regional Municipality,B3J1V6,2018 - 2019,-63.571891,44.646015,POINT (-63.571891 44.646015)
54,Eli Technology,ICT (includes Digital Media),Export Growth Program,15000,Halifax,Halifax Regional Municipality,B3H2R9,2018 - 2019,-63.573015,44.636975,POINT (-63.573015 44.636975)
55,InterTalk Critical Information Systems Inc,ICT (includes Digital Media),Export Growth Program,15939,Dartmouth,Halifax Regional Municipality,B3B1J4,2018 - 2019,-63.611144,44.704132,POINT (-63.611144 44.704132)
56,Jaza Energy Inc.,Energy,Export Growth Program,15650,Halifax,Halifax Regional Municipality,B3L1Y9,2018 - 2019,-63.606168,44.655819,POINT (-63.606168 44.655819)
57,Kula Partners Inc.,Business Services,Export Growth Program,1665,Halifax,Halifax Regional Municipality,B3J3X8,2018 - 2019,-63.576767,44.64669,POINT (-63.576767 44.64669)
58,Mercator Geological Services Limited,Mining & Mineral Products,Export Growth Program,2187,Dartmouth,Halifax Regional Municipality,B2Y1G4,2018 - 2019,-63.566451,44.666973,POINT (-63.566451 44.666973)
59,Mobia Technology Innovations,ICT (includes Digital Media),Export Growth Program,25000,Dartmouth,Halifax Regional Municipality,B3B0B3,2018 - 2019,-63.591479,44.7091,POINT (-63.591479 44.7091)
60,Pictou Twist Pictures Inc,Film Production,Export Growth Program,5575,Halifax,Halifax Regional Municipality,B3J1J7,2018 - 2019,-63.573178,44.645217,POINT (-63.573178 44.645217)
61,PitchPerfect Software Inc. operating as Proposify,ICT (includes Digital Media),Export Growth Program,25000,Halifax,Halifax Regional Municipality,B3J2A2,2018 - 2019,-63.573726,44.646512,POINT (-63.573726 44.646512)
62,RIMOT.IO Inc,ICT (includes Digital Media),Export Growth Program,2533,Dartmouth,Halifax Regional Municipality,B2Y4M9,2018 - 2019,-63.542698,44.660305,POINT (-63.542698 44.660305)
63,Site 2020 Inc.,ICT (includes Digital Media),Export Growth Program,7050,Dartmouth,Halifax Regional Municipality,B3B1L3,2018 - 2019,-63.595664,44.704755,POINT (-63.595664 44.704755)
64,Ultra Electronics Maritime Systems,Advanced Manufacturing,Export Growth Program,1662,Dartmouth,Halifax Regional Municipality,B2Y4N2,2018 - 2019,-63.545652,44.649583,POINT (-63.545652 44.649583)
65,Waterstar Entertainment Inc.,Film Production,Export Growth Program,3412,Halifax,Halifax Regional Municipality,B3H2V2,2018 - 2019,-63.573653,44.632873,POINT (-63.573653 44.632873)
66,Bluedrop Training & Simulation Inc.,Aerospace & Defence,Export Growth Program,2192,Halifax,Halifax Regional Municipality,B3S1N2,2018 - 2019,-63.669584,44.656068,POINT (-63.669584 44.656068)
67,Compass Distillers,Agri-food,Export Growth Program,1027,Halifax,Halifax Regional Municipality,B3K4C4,2018 - 2019,-63.592367,44.654497,POINT (-63.592367 44.654497)
68,Fourth State Energy Incorporated,Energy,Export Growth Program,15000,Halifax,Halifax Regional Municipality,B3J2L4,2018 - 2019,-63.632286,44.654755,POINT (-63.632286 44.654755)
69,Iris Booth Incorporated,Business Services,Export Growth Program,7100,Halifax,Halifax Regional Municipality,B3K2Z8,2018 - 2019,-63.581653,44.651755,POINT (-63.581653 44.651755)
70,Topsail Productions Ltd.,Film Production,Export Growth Program,2500,Halifax,Halifax Regional Municipality,B3J1J7,2018 - 2019,-63.573178,44.645217,POINT (-63.573178 44.645217)
71,2 Crows Brewing Ltd,Agri-food,Export Growth Program,2775,Halifax,Halifax Regional Municipality,B3J2G7,2018 - 2019,-63.578146,44.649349,POINT (-63.578146 44.649349)
72,Baie Run Pet Products Inc,Agri-food,Export Growth Program,5212,Halifax,Halifax Regional Municipality,B3J3N2,2018 - 2019,-63.57606155,44.65201157,POINT (-63.57606155 44.65201157)
73,Fit First Holdings Inc.,Business Services,Export Growth Program,5050,Dartmouth,Halifax Regional Municipality,B3B1X2,2018 - 2019,-63.595848,44.710189,POINT (-63.595848 44.710189)
74,Imaginal Ventures Inc.,Engineering & Professional,Export Growth Program,794,Halifax,Halifax Regional Municipality,B3K5T9,2018 - 2019,-63.590281,44.662753,POINT (-63.590281 44.662753)
75,JusNova Agriculture Ltd,Agri-food,Export Growth Program,3550,Halifax,Halifax Regional Municipality,B3M1N1,2018 - 2019,-63.641789,44.66397,POINT (-63.641789 44.66397)
76,Skinfix Inc,Advanced Manufacturing,Export Growth Program,15000,Halifax,Halifax Regional Municipality,B3J1R9,2018 - 2019,-63.570552,44.645084,POINT (-63.570552 44.645084)
77,4Deep Inwater Imaging,Oceans Technology,Export Growth Program,1800,Halifax,Halifax Regional Municipality,B4B1G2,2018 - 2019,-63.741086,44.724533,POINT (-63.741086 44.724533)
78,Blois Fish Processing Automation Limited,Fish & Seafood Processing,Export Growth Program,850,Dartmouth,Halifax Regional Municipality,B2V2S7,2018 - 2019,-63.476576,44.653288,POINT (-63.476576 44.653288)
79,Maritime Gourmet Mushrooms Inc,Agri-food,Export Growth Program,2202,Halifax,Halifax Regional Municipality,B3M3Y8,2018 - 2019,-63.667551,44.676453,POINT (-63.667551 44.676453)
80,Atlantic Flight Attendant Academy,Business Services,Export Growth Program,3000,Halifax,Halifax Regional Municipality,B3H3Y4,2018 - 2019,-63.593557,44.632239,POINT (-63.593557 44.632239)
81,Raised Performance Media Inc.,Business Services,Export Growth Program,3662,Halifax,Halifax Regional Municipality,B3J2A4,2018 - 2019,-63.574131,44.647278,POINT (-63.574131 44.647278)
82,SalesRight Technologies Inc,ICT (includes Digital Media),Export Growth Program,750,Halifax,Halifax Regional Municipality,B3J3K5,2018 - 2019,-63.572554,44.644489,POINT (-63.572554 44.644489)
83,Youx Systems Inc.,ICT (includes Digital Media),Export Growth Program,512,Halifax,Halifax Regional Municipality,B3S1N5,2018 - 2019,-63.67319911,44.66025623,POINT (-63.67319911 44.66025623)
84,6 Joe's Software Inc.,ICT (includes Digital Media),Export Growth Program,11000,Halifax,Halifax Regional Municipality,B3J3K5,2018 - 2019,-63.572554,44.644489,POINT (-63.572554 44.644489)
85,Downeast Entertainment & Meeting Specialists Limited,Business Services,Export Growth Program,7359,Halifax,Halifax Regional Municipality,B3J3K8,2018 - 2019,-63.57472,44.648408,POINT (-63.57472 44.648408)
86,Hand Maiden Fine Yarn Inc.,Clothing & Textiles,Export Growth Program,3551,Halifax,Halifax Regional Municipality,B3K4E8,2018 - 2019,-63.598985,44.659252,POINT (-63.598985 44.659252)
87,Maritime bioLoggers Inc.,Oceans Technology,Export Growth Program,2318,Dartmouth,Halifax Regional Municipality,B2Y2W1,2018 - 2019,-63.56358,44.667535,POINT (-63.56358 44.667535)
88,Momentum IT Group,ICT (includes Digital Media),Export Growth Program,4572,Halifax,Halifax Regional Municipality,B3J1Y2,2018 - 2019,-63.570421,44.64012,POINT (-63.570421 44.64012)
89,Roswall Development Incorporated,Energy,Export Growth Program,3100,Halifax,Halifax Regional Municipality,B3M2L3,2018 - 2019,-63.66099,44.683287,POINT (-63.66099 44.683287)
90,Ziah Frost Media Inc.,Film Production,Export Growth Program,4315,Halifax,Halifax Regional Municipality,B3M1B9,2018 - 2019,-63.650476,44.652447,POINT (-63.650476 44.652447)
91,Breakers Fish Co Ltd,Fish & Seafood Processing,Export Growth Program,3500,Halifax,Halifax Regional Municipality,B3L2C2,2018 - 2019,-63.627898,44.653612,POINT (-63.627898 44.653612)
92,Foundation Marketing Services Inc.,Business Services,Export Growth Program,5605,Halifax,Halifax Regional Municipality,B3M4C5,2018 - 2019,-63.635894,44.661222,POINT (-63.635894 44.661222)
93,Graphite Innovation and Technologies Inc.,Advanced Manufacturing,Export Growth Program,2900,Dartmouth,Halifax Regional Municipality,B2Y4M9,2018 - 2019,-63.542698,44.660305,POINT (-63.542698 44.660305)
94,Sedna Tech,Oceans Technology,Export Growth Program,2750,Dartmouth,Halifax Regional Municipality,B2Y2W1,2018 - 2019,-63.56358,44.667535,POINT (-63.56358 44.667535)
95,Success Through Trust Inc,Business Services,Export Growth Program,3125,Halifax,Halifax Regional Municipality,B3L2H3,2018 - 2019,-63.626126,44.648102,POINT (-63.626126 44.648102)
96,Deprolabs Technology Inc.,ICT (includes Digital Media),Export Growth Program,2800,Halifax,Halifax Regional Municipality,B3S1G5,2018 - 2019,-63.673695,44.672237,POINT (-63.673695 44.672237)
97,Dominion Diving Limited,Oceans Technology,Export Growth Program,8650,Dartmouth,Halifax Regional Municipality,B2Y2W1,2018 - 2019,-63.56358,44.667535,POINT (-63.56358 44.667535)
98,Focal Research Consultants Limited,Business Services,Export Growth Program,8629,Halifax,Halifax Regional Municipality,B3L2C2,2018 - 2019,-63.627898,44.653612,POINT (-63.627898 44.653612)
99,Harbr Inc.,ICT (includes Digital Media),Export Growth Program,15000,Halifax,Halifax Regional Municipality,B3J3K5,2018 - 2019,-63.572554,44.644489,POINT (-63.572554 44.644489)
100,Leeway Yachts Ltd.,Oceans Technology,Export Growth Program,2367,Dartmouth,Halifax Regional Municipality,B2Y4T5,2018 - 2019,-63.556475,44.661861,POINT (-63.556475 44.661861)
101,NS Sports Media Pros Ltd,ICT (includes Digital Media),Export Growth Program,7125,Halifax,Halifax Regional Municipality,B3S0B9,2018 - 2019,-63.6851302,44.658753,POINT (-63.6851302 44.658753)
102,QRA Corp,ICT (includes Digital Media),Export Growth Program,4425,Halifax,Halifax Regional Municipality,B3K5L2,2018 - 2019,-63.602819,44.659309,POINT (-63.602819 44.659309)
103,SalesRight Technologies Inc,ICT (includes Digital Media),Export Growth Program,2650,Halifax,Halifax Regional Municipality,B3J3K5,2018 - 2019,-63.572554,44.644489,POINT (-63.572554 44.644489)
104,Peer Ledger Inc,ICT (includes Digital Media),Export Growth Program,12118,Halifax,Halifax Regional Municipality,B3H4P3,2018 - 2019,-63.572337,44.63221,POINT (-63.572337 44.63221)
105,Acoubit Communications,Oceans Technology,Export Growth Program,1390,Dartmouth,Halifax Regional Municipality,B2Y2W1,2018 - 2019,-63.56358,44.667535,POINT (-63.56358 44.667535)
106,Site 2020 Inc.,ICT (includes Digital Media),Export Growth Program,10025,Dartmouth,Halifax Regional Municipality,B3B1L3,2018 - 2019,-63.595664,44.704755,POINT (-63.595664 44.704755)
107,Meghan Martin Incorporated,Business Services,Export Growth Program,10800,Dartmouth,Halifax Regional Municipality,B3A2L3,2018 - 2019,-63.563871,44.674896,POINT (-63.563871 44.674896)
108,MRE Industries Limited,Energy,Export Growth Program,520,Dartmouth,Halifax Regional Municipality,B3B1N7,2018 - 2019,-63.601539,44.716471,POINT (-63.601539 44.716471)
109,Nova Graphene,Oceans Technology,Export Growth Program,6038,Dartmouth,Halifax Regional Municipality,B2Y4T5,2018 - 2019,-63.556475,44.661861,POINT (-63.556475 44.661861)
110,CacheFlo Inc.,Business Services,Export Growth Program,6687,Halifax,Halifax Regional Municipality,B3J3J8,2018 - 2019,-63.57894264,44.65095794,POINT (-63.57894264 44.65095794)
111,Cove Kombucha,Agri-food,Export Growth Program,1500,Halifax,Halifax Regional Municipality,B3J2J9,2018 - 2019,-63.576924,44.640981,POINT (-63.576924 44.640981)
112,Dormie Golf Workshop Inc.,Advanced Manufacturing,Export Growth Program,13800,Halifax,Halifax Regional Municipality,B3K2Y3,2018 - 2019,-63.590301,44.660963,POINT (-63.590301 44.660963)
113,Nodalblock Canada Holdings Inc.,ICT (includes Digital Media),Export Growth Program,7100,Halifax,Halifax Regional Municipality,B3J3N2,2018 - 2019,-63.57606155,44.65201157,POINT (-63.57606155 44.65201157)
114,Novate Systems Inc.,Engineering & Professional,Export Growth Program,4213,Dartmouth,Halifax Regional Municipality,B3B1P7,2018 - 2019,-63.61637086,44.70527104,POINT (-63.61637086 44.70527104)
115,Panag Pharma Inc.,Life Sciences,Export Growth Program,1621,Halifax,Halifax Regional Municipality,B3J3R7,2018 - 2019,-63.57614729,44.65208895,POINT (-63.57614729 44.65208895)
116,Clerisy Management Group Limited,Film Production,Export Growth Program,7352,Dartmouth,Halifax Regional Municipality,B3B1W9,2018 - 2019,-63.579685,44.69696,POINT (-63.579685 44.69696)
117,Dominion Diving Limited,Oceans Technology,Export Growth Program,4200,Dartmouth,Halifax Regional Municipality,B2Y2W1,2018 - 2019,-63.56358,44.667535,POINT (-63.56358 44.667535)
118,East Coast Varsity,Business Services,Export Growth Program,7185,Dartmouth,Halifax Regional Municipality,B2W6L4,2018 - 2019,-63.532147,44.670365,POINT (-63.532147 44.670365)
119,Hivetronics Limited,Agri-food,Export Growth Program,450,Dartmouth,Halifax Regional Municipality,B2W4Z3,2018 - 2019,-63.503976,44.686741,POINT (-63.503976 44.686741)
120,MetOcean Telematics Limited,Oceans Technology,Export Growth Program,25000,Dartmouth,Halifax Regional Municipality,B3B1R9,2018 - 2019,-63.595049,44.699403,POINT (-63.595049 44.699403)
121,NewAE Technology Inc.,Aerospace & Defence,Export Growth Program,7465,Halifax,Halifax Regional Municipality,B3H2R8,2018 - 2019,-63.572766,44.637045,POINT (-63.572766 44.637045)
122,RIMOT.IO Inc,ICT (includes Digital Media),Export Growth Program,10999,Dartmouth,Halifax Regional Municipality,B2Y4M9,2018 - 2019,-63.542698,44.660305,POINT (-63.542698 44.660305)
123,SolutionInc Ltd,ICT (includes Digital Media),Export Growth Program,5255,Halifax,Halifax Regional Municipality,B3K1T2,2018 - 2019,-63.595928,44.658385,POINT (-63.595928 44.658385)
124,Eyeread Inc.,ICT (includes Digital Media),Export Growth Program,11275,Dartmouth,Halifax Regional Municipality,B3B1E8,2018 - 2019,-63.613528,44.694128,POINT (-63.613528 44.694128)
125,Sedna Tech,Oceans Technology,Export Growth Program,6000,Dartmouth,Halifax Regional Municipality,B2Y2W1,2018 - 2019,-63.56358,44.667535,POINT (-63.56358 44.667535)
126,Survival Systems Ltd,Oceans Technology,Export Growth Program,5319,Dartmouth,Halifax Regional Municipality,B2Y4W6,2018 - 2019,-63.539046,44.6562,POINT (-63.539046 44.6562)
127,Deep Vision Inc,ICT (includes Digital Media),Export Growth Program,2967,Dartmouth,Halifax Regional Municipality,B2Y4P5,2018 - 2019,-63.569266,44.665864,POINT (-63.569266 44.665864)
128,DGI Clinical Inc.,Life Sciences,Export Growth Program,2092,Halifax,Halifax Regional Municipality,B3J2E3,2018 - 2019,-63.576047,44.646813,POINT (-63.576047 44.646813)
129,Halifax Language Institute of Canada,Business Services,Export Growth Program,14976,Halifax,Halifax Regional Municipality,B3J3M7,2018 - 2019,-63.577974,44.642749,POINT (-63.577974 44.642749)
130,Meghan Martin Incorporated,Business Services,Export Growth Program,4167,Dartmouth,Halifax Regional Municipality,B3A2L3,2018 - 2019,-63.563871,44.674896,POINT (-63.563871 44.674896)
131,Nova Graphene,Oceans Technology,Export Growth Program,8925,Dartmouth,Halifax Regional Municipality,B2Y4T5,2018 - 2019,-63.556475,44.661861,POINT (-63.556475 44.661861)
132,Proven Marketing for Lawyers Inc.,Business Services,Export Growth Program,500,Halifax,Halifax Regional Municipality,B3H4K6,2018 - 2019,-63.578788,44.637258,POINT (-63.578788 44.637258)
133,Sassy Solutions Consulting Limited,Business Services,Export Growth Program,970,Halifax,Halifax Regional Municipality,B3M3C8,2018 - 2019,-63.652605,44.657547,POINT (-63.652605 44.657547)
134,Sealand Building Group Inc,Advanced Manufacturing,Export Growth Program,8875,Halifax,Halifax Regional Municipality,B4B1G2,2018 - 2019,-63.741086,44.724533,POINT (-63.741086 44.724533)
135,Trip Ninja,ICT (includes Digital Media),Export Growth Program,6039,Halifax,Halifax Regional Municipality,B3J2V1,2018 - 2019,-63.645986,44.648416,POINT (-63.645986 44.648416)
136,Uprise Consulting,Business Services,Export Growth Program,4118,Halifax,Halifax Regional Municipality,B3L4T7,2018 - 2019,-63.631058,44.653673,POINT (-63.631058 44.653673)
137,USP-LAB N.A. Ltd.,ICT (includes Digital Media),Export Growth Program,2475,Halifax,Halifax Regional Municipality,B3J3K5,2018 - 2019,-63.572554,44.644489,POINT (-63.572554 44.644489)
138,Beta Glucan Company of Canada Inc.,Life Sciences,Export Growth Program,2300,Halifax,Halifax Regional Municipality,B3H4N3,2018 - 2019,-63.578083,44.629216,POINT (-63.578083 44.629216)
139,CacheFlo Inc.,Business Services,Export Growth Program,2900,Halifax,Halifax Regional Municipality,B3J3J8,2018 - 2019,-63.57894264,44.65095794,POINT (-63.57894264 44.65095794)
140,CarbonCure Technologies Inc,Energy,Export Growth Program,13500,Dartmouth,Halifax Regional Municipality,B3B1R6,2018 - 2019,-63.597081,44.704092,POINT (-63.597081 44.704092)
141,Current Studios Inc,ICT (includes Digital Media),Export Growth Program,3000,Halifax,Halifax Regional Municipality,B3J3X8,2018 - 2019,-63.576767,44.64669,POINT (-63.576767 44.64669)
142,Giffin Technologies Inc.,Agri-food,Export Growth Program,901,Halifax,Halifax Regional Municipality,B3N1X9,2018 - 2019,-63.628608,44.645863,POINT (-63.628608 44.645863)
143,Huminah Huminah Animation,ICT (includes Digital Media),Export Growth Program,15000,Dartmouth,Halifax Regional Municipality,B2Y3P2,2018 - 2019,-63.562672,44.669345,POINT (-63.562672 44.669345)
144,Oyster Promo Inc,Business Services,Export Growth Program,2000,Halifax,Halifax Regional Municipality,B3H3X9,2018 - 2019,-63.587154,44.630259,POINT (-63.587154 44.630259)
145,The Instratify Group Inc.,Business Services,Export Growth Program,3250,Halifax,Halifax Regional Municipality,B3J4A2,2018 - 2019,-63.577842,44.642783,POINT (-63.577842 44.642783)
146,Iron Apple,Transportation & Logistics,Export Growth Program,12100,Dartmouth,Halifax Regional Municipality,B3B1V2,2018 - 2019,-63.588236,44.692403,POINT (-63.588236 44.692403)
147,Skyline (Refer to Orgrimmar Tech. Inc.),ICT (includes Digital Media),Export Growth Program,4847,Dartmouth,Halifax Regional Municipality,B2Y1E1,2018 - 2019,-63.564563,44.6699,POINT (-63.564563 44.6699)
148,Survival Systems Training Limited,Oceans Technology,Export Growth Program,13425,Dartmouth,Halifax Regional Municipality,B2Y4K9,2018 - 2019,-63.542555,44.655836,POINT (-63.542555 44.655836)
149,Ultra Electronics Maritime Systems,Advanced Manufacturing,Export Growth Program,14995,Dartmouth,Halifax Regional Municipality,B2Y4N2,2018 - 2019,-63.545652,44.649583,POINT (-63.545652 44.649583)
150,East Coast School of Languages (ECSL),Business Services,Export Growth Program,4780,Halifax,Halifax Regional Municipality,B3J1V6,2018 - 2019,-63.571891,44.646015,POINT (-63.571891 44.646015)
151,Nodalblock Canada Holdings Inc.,ICT (includes Digital Media),Export Growth Program,5400,Halifax,Halifax Regional Municipality,B3J3N2,2018 - 2019,-63.57606155,44.65201157,POINT (-63.57606155 44.65201157)
152,Pictou Twist Pictures Inc,Film Production,Export Growth Program,5725,Halifax,Halifax Regional Municipality,B3J1J7,2018 - 2019,-63.573178,44.645217,POINT (-63.573178 44.645217)
153,Proven Marketing for Lawyers Inc.,Business Services,Export Growth Program,995,Halifax,Halifax Regional Municipality,B3H4K6,2018 - 2019,-63.578788,44.637258,POINT (-63.578788 44.637258)
154,SolutionInc Ltd,ICT (includes Digital Media),Export Growth Program,1000,Halifax,Halifax Regional Municipality,B3K1T2,2018 - 2019,-63.595928,44.658385,POINT (-63.595928 44.658385)
155,Athletigen Technologies Inc,Life Sciences,Export Growth Program,11925,Halifax,Halifax Regional Municipality,B3J1G1,2018 - 2019,-63.57539255,44.64341829,POINT (-63.57539255 44.64341829)
156,Chocolate Hackers,Agri-food,Export Growth Program,2285,Halifax,Halifax Regional Municipality,B3K2H7,2018 - 2019,-63.604915,44.665088,POINT (-63.604915 44.665088)
157,Dugo Systems Inc,ICT (includes Digital Media),Export Growth Program,7600,Halifax,Halifax Regional Municipality,B3J3K5,2018 - 2019,-63.572554,44.644489,POINT (-63.572554 44.644489)
158,Fit First Holdings Inc.,Business Services,Export Growth Program,6775,Dartmouth,Halifax Regional Municipality,B3B1X2,2018 - 2019,-63.595848,44.710189,POINT (-63.595848 44.710189)
159,Journeyman Film Company  Ltd.,ICT (includes Digital Media),Export Growth Program,10375,Dartmouth,Halifax Regional Municipality,B2Y2S6,2018 - 2019,-63.566107,44.666248,POINT (-63.566107 44.666248)
160,Survival Systems Ltd,Oceans Technology,Export Growth Program,3808,Dartmouth,Halifax Regional Municipality,B2Y4W6,2018 - 2019,-63.539046,44.6562,POINT (-63.539046 44.6562)
161,Densitas Inc,ICT (includes Digital Media),Export Growth Program,7499,Halifax,Halifax Regional Municipality,B3H3Z1,2018 - 2019,-63.59645,44.637136,POINT (-63.59645 44.637136)
162,Pivotal Coaching,Business Services,Export Growth Program,4845,Halifax,Halifax Regional Municipality,B3K1G7,2018 - 2019,-63.588554,44.653612,POINT (-63.588554 44.653612)
163,Raised Performance Media Inc.,Business Services,Export Growth Program,11325,Halifax,Halifax Regional Municipality,B3J2A4,2018 - 2019,-63.574131,44.647278,POINT (-63.574131 44.647278)
164,Arcadia Entertainment Inc.,Film Production,Export Growth Program,7698,Halifax,Halifax Regional Municipality,B3L1A9,2018 - 2019,-63.601752,44.644087,POINT (-63.601752 44.644087)
165,Boondoc Technologies Inc (The Rounds),ICT (includes Digital Media),Export Growth Program,10687,Halifax,Halifax Regional Municipality,B3K4X5,2018 - 2019,-63.611268,44.662185,POINT (-63.611268 44.662185)
166,Cove Kombucha,Agri-food,Export Growth Program,3350,Halifax,Halifax Regional Municipality,B3J2J9,2018 - 2019,-63.576924,44.640981,POINT (-63.576924 44.640981)
167,EcoAdvisors Inc,Business Services,Export Growth Program,17475,Halifax,Halifax Regional Municipality,B3H3K6,2018 - 2019,-63.590845,44.6435245,POINT (-63.590845 44.6435245)
168,Stantec,Engineering & Professional,Export Growth Program,12784,Dartmouth,Halifax Regional Municipality,B3A0A4,2018 - 2019,-63.561484,44.689132,POINT (-63.561484 44.689132)
169,The Instratify Group Inc.,Business Services,Export Growth Program,2500,Halifax,Halifax Regional Municipality,B3J4A2,2018 - 2019,-63.577842,44.642783,POINT (-63.577842 44.642783)
170,Dillon Consulting Ltd,Business Services,Export Growth Program,4335,Halifax,Halifax Regional Municipality,B3S1B3,2018 - 2019,-63.663711,44.637971,POINT (-63.663711 44.637971)
171,Sassy Solutions Consulting Limited,Business Services,Export Growth Program,1665,Halifax,Halifax Regional Municipality,B3M3C8,2018 - 2019,-63.652605,44.657547,POINT (-63.652605 44.657547)
172,Arrivals + Departures Communications Limited,Business Services,Export Growth Program,3445,Halifax,Halifax Regional Municipality,B3J1S9,2018 - 2019,-63.576866,44.652261,POINT (-63.576866 44.652261)
173,Chocolate Hackers,Agri-food,Export Growth Program,2430,Halifax,Halifax Regional Municipality,B3K2H7,2018 - 2019,-63.604915,44.665088,POINT (-63.604915 44.665088)
174,DynaGen Technologies Incorporated,Advanced Manufacturing,Export Growth Program,9050,Dartmouth,Halifax Regional Municipality,B3B1W8,2018 - 2019,-63.579683,44.70058,POINT (-63.579683 44.70058)
175,Eosense Inc,Energy,Export Growth Program,6780,Dartmouth,Halifax Regional Municipality,B3B1E8,2018 - 2019,-63.613528,44.694128,POINT (-63.613528 44.694128)
176,InterTalk Critical Information Systems Inc,ICT (includes Digital Media),Export Growth Program,5284,Dartmouth,Halifax Regional Municipality,B3B1J4,2018 - 2019,-63.611144,44.704132,POINT (-63.611144 44.704132)
177,Halifax Glassworks Limited,Advanced Manufacturing,Export Growth Program,1800,Halifax,Halifax Regional Municipality,B3J1M4,2018 - 2019,-63.572203,44.648963,POINT (-63.572203 44.648963)
178,Modest Tree Media Inc,ICT (includes Digital Media),Export Growth Program,7250,Halifax,Halifax Regional Municipality,B3K2R6,2018 - 2019,-63.613967,44.665253,POINT (-63.613967 44.665253)
179,SEG Consulting Inc.,Business Services,Export Growth Program,2312,Halifax,Halifax Regional Municipality,B3J3J8,2018 - 2019,-63.57894264,44.65095794,POINT (-63.57894264 44.65095794)
180,Shut Up & Colour Pictures Inc,Film Production,Export Growth Program,13796,Halifax,Halifax Regional Municipality,B3K1P6,2018 - 2019,-63.592883,44.658346,POINT (-63.592883 44.658346)
181,SolutionInc Ltd,ICT (includes Digital Media),Export Growth Program,4750,Halifax,Halifax Regional Municipality,B3K1T2,2018 - 2019,-63.595928,44.658385,POINT (-63.595928 44.658385)
182,Swept Technologies Inc.,ICT (includes Digital Media),Export Growth Program,5800,Halifax,Halifax Regional Municipality,B3J0A7,2018 - 2019,-63.5746568,44.6450065,POINT (-63.5746568 44.6450065)
183,EfficiencyOne Services Inc,Business Services,Export Growth Program,12701,Dartmouth,Halifax Regional Municipality,B3B1G5,2018 - 2019,-63.605171,44.69816,POINT (-63.605171 44.69816)
184,QRA Corp,ICT (includes Digital Media),Export Growth Program,9487,Halifax,Halifax Regional Municipality,B3K5L2,2018 - 2019,-63.602819,44.659309,POINT (-63.602819 44.659309)
185,Core Elements Advisors Inc.,Business Services,Export Growth Program,1575,Halifax,Halifax Regional Municipality,B3H3K1,2018 - 2019,-63.588845,44.639667,POINT (-63.588845 44.639667)
186,Andrew MacCormack,Film Production,Export Growth Program,513,Dartmouth,Halifax Regional Municipality,B3A3R7,2018 - 2019,-63.563906,44.679054,POINT (-63.563906 44.679054)
187,NS Sports Media Pros Ltd,ICT (includes Digital Media),Export Growth Program,17875,Halifax,Halifax Regional Municipality,B3S0B9,2018 - 2019,-63.6851302,44.658753,POINT (-63.6851302 44.658753)
188,Over The Edge (Canada) Inc,Business Services,Export Growth Program,5000,Halifax,Halifax Regional Municipality,B3P1K9,2018 - 2019,-63.617374,44.624443,POINT (-63.617374 44.624443)
189,Survival Systems Ltd,Oceans Technology,Export Growth Program,6850,Dartmouth,Halifax Regional Municipality,B2Y4W6,2018 - 2019,-63.539046,44.6562,POINT (-63.539046 44.6562)
190,QRA Corp,ICT (includes Digital Media),Export Growth Program,10438,Halifax,Halifax Regional Municipality,B3K5L2,2018 - 2019,-63.602819,44.659309,POINT (-63.602819 44.659309)
191,RIMOT.IO Inc,ICT (includes Digital Media),Export Growth Program,1547,Dartmouth,Halifax Regional Municipality,B2Y4M9,2018 - 2019,-63.542698,44.660305,POINT (-63.542698 44.660305)
192,Site 2020 Inc.,ICT (includes Digital Media),Export Growth Program,23625,Dartmouth,Halifax Regional Municipality,B3B1L3,2018 - 2019,-63.595664,44.704755,POINT (-63.595664 44.704755)
193,Social Navigator Inc,ICT (includes Digital Media),Export Growth Program,25000,Halifax,Halifax Regional Municipality,B3S0B9,2018 - 2019,-63.6851302,44.658753,POINT (-63.6851302 44.658753)
194,Eye Catch Signs Limited,Advanced Manufacturing,Export Growth Program,15000,Halifax,Halifax Regional Municipality,B3K3V4,2018 - 2019,-63.590323,44.654665,POINT (-63.590323 44.654665)
195,Flo Digital Inc,ICT (includes Digital Media),Export Growth Program,3232,Halifax,Halifax Regional Municipality,B3J2X2,2018 - 2019,-63.645986,44.648416,POINT (-63.645986 44.648416)
196,Focal Research Consultants Limited,Business Services,Export Growth Program,7300,Halifax,Halifax Regional Municipality,B3L2C2,2018 - 2019,-63.627898,44.653612,POINT (-63.627898 44.653612)
197,Journeyman Film Company  Ltd.,ICT (includes Digital Media),Export Growth Program,4565,Dartmouth,Halifax Regional Municipality,B2Y2S6,2018 - 2019,-63.566107,44.666248,POINT (-63.566107 44.666248)
198,Xeos Technologies Inc,Oceans Technology,Export Growth Program,15000,Dartmouth,Halifax Regional Municipality,B3B1L6,2018 - 2019,-63.604817,44.715039,POINT (-63.604817 44.715039)
199,APPILI Therapeutics,Life Sciences,Export Growth Program,15000,Halifax,Halifax Regional Municipality,B3H1A8,2018 - 2019,-63.573789,44.624478,POINT (-63.573789 44.624478)
200,Bereda Training Inc.,ICT (includes Digital Media),Export Growth Program,927,Halifax,Halifax Regional Municipality,B3J3K5,2018 - 2019,-63.572554,44.644489,POINT (-63.572554 44.644489)
201,Black Star Wealth Partners,Business Services,Export Growth Program,6125,Halifax,Halifax Regional Municipality,B3L1K9,2018 - 2019,-63.599571,44.649413,POINT (-63.599571 44.649413)
202,Cabbage Patch Kimchi,Agri-food,Export Growth Program,800,Halifax,Halifax Regional Municipality,B3H2S9,2018 - 2019,-63.573625,44.634901,POINT (-63.573625 44.634901)
203,Gorgeous Mistake Productions,Film Production,Export Growth Program,6962,Dartmouth,Halifax Regional Municipality,B3A2Y3,2018 - 2019,-63.574093,44.673505,POINT (-63.574093 44.673505)
204,Graphite Innovation and Technologies Inc.,Advanced Manufacturing,Export Growth Program,7425,Dartmouth,Halifax Regional Municipality,B2Y4M9,2018 - 2019,-63.542698,44.660305,POINT (-63.542698 44.660305)
205,Retail Deep,ICT (includes Digital Media),Export Growth Program,900,Halifax,Halifax Regional Municipality,B3J3K5,2018 - 2019,-63.572554,44.644489,POINT (-63.572554 44.644489)
206,BlueLight Analytics Inc,Life Sciences,Export Growth Program,25000,Halifax,Halifax Regional Municipality,B3L4G4,2018 - 2019,-63.620539,44.642071,POINT (-63.620539 44.642071)
207,DGI Clinical Inc.,Life Sciences,Export Growth Program,12908,Halifax,Halifax Regional Municipality,B3J2E3,2018 - 2019,-63.576047,44.646813,POINT (-63.576047 44.646813)
208,EcoPilot Canada Inc.,Engineering & Professional,Export Growth Program,8137,Halifax,Halifax Regional Municipality,B3J3L7,2018 - 2019,-63.575048,44.649083,POINT (-63.575048 44.649083)
209,Nodalblock Canada Holdings Inc.,ICT (includes Digital Media),Export Growth Program,2500,Halifax,Halifax Regional Municipality,B3J3N2,2018 - 2019,-63.57606155,44.65201157,POINT (-63.57606155 44.65201157)
210,Precision BioLogic Incorporated,Life Sciences,Export Growth Program,15000,Dartmouth,Halifax Regional Municipality,B3B0A9,2018 - 2019,-63.573165,44.695212,POINT (-63.573165 44.695212)
211,Climate Technical Gear,Advanced Manufacturing,Export Growth Program,12275,Dartmouth,Halifax Regional Municipality,B3B1S2,2018 - 2019,-63.592089,44.695586,POINT (-63.592089 44.695586)
212,DynaGen Technologies Incorporated,Advanced Manufacturing,Export Growth Program,5800,Dartmouth,Halifax Regional Municipality,B3B1W8,2018 - 2019,-63.579683,44.70058,POINT (-63.579683 44.70058)
213,Midgard Insect Farm Inc,Agri-food,Export Growth Program,13555,Halifax,Halifax Regional Municipality,B3L1V1,2018 - 2019,-63.602803,44.654196,POINT (-63.602803 44.654196)
214,Proven Marketing for Lawyers Inc.,Business Services,Export Growth Program,3246,Halifax,Halifax Regional Municipality,B3H4K6,2018 - 2019,-63.578788,44.637258,POINT (-63.578788 44.637258)
215,Vesuvius Media Ltd.,ICT (includes Digital Media),Export Growth Program,12808,Halifax,Halifax Regional Municipality,B3M1W8,2018 - 2019,-63.650445,44.676671,POINT (-63.650445 44.676671)
216,EOceans Research and Consulting Inc.,Oceans Technology,Export Growth Program,2800,Dartmouth,Halifax Regional Municipality,B2Y1T7,2018 - 2019,-63.555147,44.674503,POINT (-63.555147 44.674503)
217,JusNova Agriculture Ltd,Agri-food,Export Growth Program,12850,Halifax,Halifax Regional Municipality,B3M1N1,2018 - 2019,-63.641789,44.66397,POINT (-63.641789 44.66397)
218,MindSea Development Incorporated,ICT (includes Digital Media),Export Growth Program,25000,Halifax,Halifax Regional Municipality,B3J3M8,2018 - 2019,-63.5727,44.647395,POINT (-63.5727 44.647395)
219,Blois Fish Processing Automation Limited,Fish & Seafood Processing,Export Growth Program,13825,Dartmouth,Halifax Regional Municipality,B2V2S7,2018 - 2019,-63.476576,44.653288,POINT (-63.476576 44.653288)
220,Enginuity Inc.,Business Services,Export Growth Program,10315,Halifax,Halifax Regional Municipality,B3P1M1,2018 - 2019,-63.615546,44.619123,POINT (-63.615546 44.619123)
221,Fourth Wave Strategy Inc,Business Services,Export Growth Program,14901,Dartmouth,Halifax Regional Municipality,B2X3G1,2018 - 2019,-63.5417345,44.69860475,POINT (-63.5417345 44.69860475)
222,Duckish Natural Skin Care Limited,Advanced Manufacturing,Export Growth Program,5047,Halifax,Halifax Regional Municipality,B3L1K1,2018 - 2019,-63.595101,44.649822,POINT (-63.595101 44.649822)
223,Spritely Technologies Inc,ICT (includes Digital Media),Export Growth Program,7900,Halifax,Halifax Regional Municipality,B3S1E5,2018 - 2019,-63.665971,44.662523,POINT (-63.665971 44.662523)
224,Green Power Labs Inc,Energy,Export Growth Program,15000,Dartmouth,Halifax Regional Municipality,B2Y4M9,2018 - 2019,-63.542698,44.660305,POINT (-63.542698 44.660305)
225,Andrea Janzen Professional Coaching,Business Services,Export Growth Program,801,Halifax,Halifax Regional Municipality,B3L2S7,2018 - 2019,-63.599408,44.644887,POINT (-63.599408 44.644887)
226,Atlantic Ambassatours Ltd.,Business Services,Export Growth Program,3737,Halifax,Halifax Regional Municipality,B3K2V6,2018 - 2019,-63.619767,44.666131,POINT (-63.619767 44.666131)
227,Baie Run Pet Products Inc,Agri-food,Export Growth Program,14998,Halifax,Halifax Regional Municipality,B3J3N2,2018 - 2019,-63.57606155,44.65201157,POINT (-63.57606155 44.65201157)
228,Left Meets Right Creative Co,ICT (includes Digital Media),Export Growth Program,500,Halifax,Halifax Regional Municipality,B3K5V4,2018 - 2019,-63.614427,44.665139,POINT (-63.614427 44.665139)
229,Ruby Tree Films Inc.,Film Production,Export Growth Program,4698,Halifax,Halifax Regional Municipality,B3J2A1,2018 - 2019,-63.573748,44.646552,POINT (-63.573748 44.646552)
230,Success Through Trust Inc,Business Services,Export Growth Program,4748,Halifax,Halifax Regional Municipality,B3L2H3,2018 - 2019,-63.626126,44.648102,POINT (-63.626126 44.648102)
231,Black Dog Films / The Monster Productions Inc,Film Production,Export Growth Program,21119,Halifax,Halifax Regional Municipality,B3L1P4,2018 - 2019,-63.598415,44.652126,POINT (-63.598415 44.652126)
232,Efficiency Properties,ICT (includes Digital Media),Export Growth Program,6600,Halifax,Halifax Regional Municipality,B3K3P2,2018 - 2019,-63.605039,44.668481,POINT (-63.605039 44.668481)
233,Focal Technologies Corporation,Oceans Technology,Export Growth Program,15000,Dartmouth,Halifax Regional Municipality,B3B1Z4,2018 - 2019,-63.587502,44.711855,POINT (-63.587502 44.711855)
234,Glas Ocean Electric Inc,Energy,Export Growth Program,14250,Halifax,Halifax Regional Municipality,B3P2H3,2018 - 2019,-63.577884,44.615051,POINT (-63.577884 44.615051)
235,Roswall Development Incorporated,Energy,Export Growth Program,1000,Halifax,Halifax Regional Municipality,B3M2L3,2018 - 2019,-63.66099,44.683287,POINT (-63.66099 44.683287)
236,2 Crows Brewing Ltd,Agri-food,Export Growth Program,4675,Halifax,Halifax Regional Municipality,B3J2G7,2018 - 2019,-63.578146,44.649349,POINT (-63.578146 44.649349)
237,902HipHop Inc.,ICT (includes Digital Media),Export Growth Program,14868,Halifax,Halifax Regional Municipality,B3K4N7,2018 - 2019,-63.594931,44.654736,POINT (-63.594931 44.654736)
238,Lorax Systems Inc,Energy,Export Growth Program,4178,Dartmouth,Halifax Regional Municipality,B3B1S8,2018 - 2019,-63.588536,44.700833,POINT (-63.588536 44.700833)
239,Manage Your Spend,ICT (includes Digital Media),Export Growth Program,3322,Halifax,Halifax Regional Municipality,B3J3Z2,2018 - 2019,-63.569364,44.643446,POINT (-63.569364 44.643446)
240,Outdoor-Fit Exercise Systems,Advanced Manufacturing,Export Growth Program,7000,Dartmouth,Halifax Regional Municipality,B3B1M3,2018 - 2019,-63.611768,44.703405,POINT (-63.611768 44.703405)
241,Pictou Twist Pictures Inc,Film Production,Export Growth Program,7037,Halifax,Halifax Regional Municipality,B3J1J7,2018 - 2019,-63.573178,44.645217,POINT (-63.573178 44.645217)
242,Side Door Access Inc,ICT (includes Digital Media),Export Growth Program,1375,Halifax,Halifax Regional Municipality,B3K1H1,2018 - 2019,-63.588243,44.6524635,POINT (-63.588243 44.6524635)
243,Smarter Spaces Inc,Business Services,Export Growth Program,3349,Halifax,Halifax Regional Municipality,B3K5M4,2018 - 2019,-63.590281,44.662737,POINT (-63.590281 44.662737)
244,WarrierTech Inc,ICT (includes Digital Media),Export Growth Program,14979,Halifax,Halifax Regional Municipality,B3H1Y1,2018 - 2019,-63.5849,44.640901,POINT (-63.5849 44.640901)
245,SimplyCast Interactive Marketing LTD.,ICT (includes Digital Media),Export Growth Program,2625,Dartmouth,Halifax Regional Municipality,B2W6E2,2018 - 2019,-63.535262,44.681461,POINT (-63.535262 44.681461)
246,Omnitech Electronics Inc,Oceans Technology,Export Growth Program,12500,Dartmouth,Halifax Regional Municipality,B3B1J4,2018 - 2019,-63.611144,44.704132,POINT (-63.611144 44.704132)
247,TerraProForma (FORMERLY - Play the Field),ICT (includes Digital Media),Export Growth Program,15000,Halifax,Halifax Regional Municipality,B3H3W5,2018 - 2019,-63.593067,44.632894,POINT (-63.593067 44.632894)
248,Javitech Atlantic Ltd,Business Services,Export Growth Program,3081,Halifax,Halifax Regional Municipality,B3M2L8,2018 - 2019,-63.660842,44.693973,POINT (-63.660842 44.693973)
249,Blue Ocean Contact Centers,Business Services,Export Growth Program,15000,Halifax,Halifax Regional Municipality,B3L4V2,2018 - 2019,-63.623858,44.653361,POINT (-63.623858 44.653361)
250,Cut/Off/Tail Pictures,Film Production,Export Growth Program,1500,Halifax,Halifax Regional Municipality,B3V1M4,2018 - 2019,-63.653534,44.471319,POINT (-63.653534 44.471319)
251,The Discovery Centre International Inc.,Business Services,Export Growth Program,15000,Halifax,Halifax Regional Municipality,B3J3S8,2018 - 2019,-63.568235,44.64141,POINT (-63.568235 44.64141)
252,The Family Knife Marketing Consultancy Inc.,Business Services,Export Growth Program,5150,Halifax,Halifax Regional Municipality,B3L3G5,2018 - 2019,-63.613647,44.643919,POINT (-63.613647 44.643919)
253,B4Checkin Limited,ICT (includes Digital Media),Export Growth Program,4546,Halifax,Halifax Regional Municipality,B3J3S9,2018 - 2019,-63.586911,44.640361,POINT (-63.586911 44.640361)
254,Bandha Nutrition Products,Agri-food,Export Growth Program,2295,Halifax,Halifax Regional Municipality,B3J1Z2,2018 - 2019,-63.571931,44.643044,POINT (-63.571931 44.643044)
255,Dormie Golf Workshop Inc.,Advanced Manufacturing,Export Growth Program,8568,Halifax,Halifax Regional Municipality,B3K2Y3,2018 - 2019,-63.590301,44.660963,POINT (-63.590301 44.660963)
256,Dynamic Systems Analysis Ltd.,Oceans Technology,Export Growth Program,6725,Halifax,Halifax Regional Municipality,B3K4X8,2018 - 2019,-63.614939,44.661614,POINT (-63.614939 44.661614)
257,Ednaturals Bar,Agri-food,Export Growth Program,4620,Halifax,Halifax Regional Municipality,B3P1H5,2018 - 2019,-63.610642,44.617409,POINT (-63.610642 44.617409)
258,InterTalk Critical Information Systems Inc,ICT (includes Digital Media),Export Growth Program,5800,Dartmouth,Halifax Regional Municipality,B3B1J4,2018 - 2019,-63.611144,44.704132,POINT (-63.611144 44.704132)
259,Magic Rock Productions,Film Production,Export Growth Program,5000,Halifax,Halifax Regional Municipality,B3J1K9,2018 - 2019,-63.575676,44.645676,POINT (-63.575676 44.645676)
260,Mil-Aero Electronics Atlantic Inc,Advanced Manufacturing,Export Growth Program,2660,Dartmouth,Halifax Regional Municipality,B2Y4V9,2018 - 2019,-63.540249,44.657211,POINT (-63.540249 44.657211)
261,Partner International Inc,Business Services,Export Growth Program,15000,Dartmouth,Halifax Regional Municipality,B2Y4T6,2018 - 2019,-63.544976,44.661923,POINT (-63.544976 44.661923)
262,CBCL Limited,Energy,Export Growth Program,14820,Halifax,Halifax Regional Municipality,B3J2R7,2018 - 2019,-63.572435,44.651581,POINT (-63.572435 44.651581)
263,Clerisy Management Group Limited,Film Production,Export Growth Program,5500,Dartmouth,Halifax Regional Municipality,B3B1W9,2018 - 2019,-63.579685,44.69696,POINT (-63.579685 44.69696)
264,Cribcut,ICT (includes Digital Media),Export Growth Program,9375,Halifax,Halifax Regional Municipality,B3J3R7,2018 - 2019,-63.57614729,44.65208895,POINT (-63.57614729 44.65208895)
265,Current Studios Inc,ICT (includes Digital Media),Export Growth Program,15768,Halifax,Halifax Regional Municipality,B3J3X8,2018 - 2019,-63.576767,44.64669,POINT (-63.576767 44.64669)
266,Dugo Systems Inc,ICT (includes Digital Media),Export Growth Program,3600,Halifax,Halifax Regional Municipality,B3J3K5,2018 - 2019,-63.572554,44.644489,POINT (-63.572554 44.644489)
267,East Coast School of Languages (ECSL),Business Services,Export Growth Program,4519,Halifax,Halifax Regional Municipality,B3J1V6,2018 - 2019,-63.571891,44.646015,POINT (-63.571891 44.646015)
268,Fit First Holdings Inc.,Business Services,Export Growth Program,4400,Dartmouth,Halifax Regional Municipality,B3B1X2,2018 - 2019,-63.595848,44.710189,POINT (-63.595848 44.710189)
269,Iris Booth Incorporated,Business Services,Export Growth Program,11041,Halifax,Halifax Regional Municipality,B3K2Z8,2018 - 2019,-63.581653,44.651755,POINT (-63.581653 44.651755)
270,Lorax Systems Inc,Energy,Export Growth Program,10024,Dartmouth,Halifax Regional Municipality,B3B1S8,2018 - 2019,-63.588536,44.700833,POINT (-63.588536 44.700833)
271,Retail Deep,ICT (includes Digital Media),Export Growth Program,3675,Halifax,Halifax Regional Municipality,B3J3K5,2018 - 2019,-63.572554,44.644489,POINT (-63.572554 44.644489)
272,Tucan Olive Oil Company Ltd,Agri-food,Export Growth Program,2699,Dartmouth,Halifax Regional Municipality,B2W2P8,2018 - 2019,-63.519127,44.672757,POINT (-63.519127 44.672757)
273,4Deep Inwater Imaging,Oceans Technology,Export Growth Program,15000,Halifax,Halifax Regional Municipality,B4B1G2,2018 - 2019,-63.741086,44.724533,POINT (-63.741086 44.724533)
274,Arcadia Entertainment Inc.,Film Production,Export Growth Program,10109,Halifax,Halifax Regional Municipality,B3L1A9,2018 - 2019,-63.601752,44.644087,POINT (-63.601752 44.644087)
275,Bend Beauty Inc.,Life Sciences,Export Growth Program,9500,Halifax,Halifax Regional Municipality,B3J1C7,2018 - 2019,-63.577291,44.639639,POINT (-63.577291 44.639639)
276,Beta Glucan Company of Canada Inc.,Life Sciences,Export Growth Program,2150,Halifax,Halifax Regional Municipality,B3H4N3,2018 - 2019,-63.578083,44.629216,POINT (-63.578083 44.629216)
277,BlockCrushr Inc.,ICT (includes Digital Media),Export Growth Program,9200,Halifax,Halifax Regional Municipality,B3L2W4,2018 - 2019,-63.608409,44.653374,POINT (-63.608409 44.653374)
278,Boondoc Technologies Inc (The Rounds),ICT (includes Digital Media),Export Growth Program,18220,Halifax,Halifax Regional Municipality,B3K4X5,2018 - 2019,-63.611268,44.662185,POINT (-63.611268 44.662185)
279,Copernicus Labs Inc,ICT (includes Digital Media),Export Growth Program,13201,Halifax,Halifax Regional Municipality,B3J3P1,2018 - 2019,-63.616146,44.674409,POINT (-63.616146 44.674409)
280,Eosense Inc,Energy,Export Growth Program,5460,Dartmouth,Halifax Regional Municipality,B3B1E8,2018 - 2019,-63.613528,44.694128,POINT (-63.613528 44.694128)
281,ITO Seafoods Ltd,Fish & Seafood Processing,Export Growth Program,7400,Halifax,Halifax Regional Municipality,B3J3R3,2018 - 2019,-63.56899455,44.64269727,POINT (-63.56899455 44.64269727)
282,Momentum IT Group,ICT (includes Digital Media),Export Growth Program,10566,Halifax,Halifax Regional Municipality,B3J1Y2,2018 - 2019,-63.570421,44.64012,POINT (-63.570421 44.64012)
283,Prism Tradeshow Products Inc.,Advanced Manufacturing,Export Growth Program,14625,Dartmouth,Halifax Regional Municipality,B2Y4M9,2018 - 2019,-63.542698,44.660305,POINT (-63.542698 44.660305)
284,Trip Ninja,ICT (includes Digital Media),Export Growth Program,3750,Halifax,Halifax Regional Municipality,B3J2V1,2018 - 2019,-63.645986,44.648416,POINT (-63.645986 44.648416)
285,Uplift Content Inc,ICT (includes Digital Media),Export Growth Program,5750,Dartmouth,Halifax Regional Municipality,B2Y2G6,2018 - 2019,-63.553251,44.661883,POINT (-63.553251 44.661883)
286,Verb Interactive Inc.,Business Services,Export Growth Program,14970,Halifax,Halifax Regional Municipality,B3J2A2,2018 - 2019,-63.573726,44.646512,POINT (-63.573726 44.646512)
287,Wired Flare Inc,Business Services,Export Growth Program,9412,Dartmouth,Halifax Regional Municipality,B2V1N4,2018 - 2019,-63.456788,44.681162,POINT (-63.456788 44.681162)
288,Ocean Entertainment Ltd.,Film Production,Export Growth Program,15000,Halifax,Halifax Regional Municipality,B3K4T9,2018 - 2019,-63.593521,44.650817,POINT (-63.593521 44.650817)
289,Pisces Research Project Management Inc,Business Services,Export Growth Program,2065,Halifax,Halifax Regional Municipality,B3K2L9,2018 - 2019,-63.603725,44.669255,POINT (-63.603725 44.669255)
290,Survival Systems Ltd,Oceans Technology,Export Growth Program,7390,Dartmouth,Halifax Regional Municipality,B2Y4W6,2018 - 2019,-63.539046,44.6562,POINT (-63.539046 44.6562)
291,Dartmouth Metals and Bottle Limited,Advanced Manufacturing,Innovation Rebate Program,596613,Dartmouth,Halifax Regional Municipality,B3B1H9,2018 - 2019,-63.607766,44.702958,POINT (-63.607766 44.702958)
292,John Ross & Sons Ltd.,Advanced Manufacturing,Innovation Rebate Program,1070296,Halifax,Halifax Regional Municipality,B3S1B3,2018 - 2019,-63.663711,44.637971,POINT (-63.663711 44.637971)
293,Kilo Communications Inc,ICT (includes Digital Media),P&I Voucher,15000,Halifax,Halifax Regional Municipality,B3K1N1,2018 - 2019,-63.592032,44.656647,POINT (-63.592032 44.656647)
294,Hivetronics Limited,Agri-food,P&I Voucher,15000,Dartmouth,Halifax Regional Municipality,B2W4Z3,2018 - 2019,-63.503976,44.686741,POINT (-63.503976 44.686741)
295,Photodynamic Incorporated,Life Sciences,P&I Voucher,25000,Halifax,Halifax Regional Municipality,B3H1A8,2018 - 2019,-63.573789,44.624478,POINT (-63.573789 44.624478)
296,Axem Neurotechnology Inc.,Life Sciences,P&I Voucher,15000,Halifax,Halifax Regional Municipality,B3J3K5,2018 - 2019,-63.572554,44.644489,POINT (-63.572554 44.644489)
297,Focal Research Consultants Limited,Business Services,P&I Voucher,25000,Halifax,Halifax Regional Municipality,B3L2C2,2018 - 2019,-63.627898,44.653612,POINT (-63.627898 44.653612)
298,Nova Aquaponics Incorporated,Advanced Manufacturing,P&I Voucher,25000,Halifax,Halifax Regional Municipality,B3M3Y8,2018 - 2019,-63.667551,44.676453,POINT (-63.667551 44.676453)
299,Baie Run Pet Products Inc,Agri-food,P&I Voucher,15000,Halifax,Halifax Regional Municipality,B3J3N2,2018 - 2019,-63.57606155,44.65201157,POINT (-63.57606155 44.65201157)
300,Dugo Systems Inc,ICT (includes Digital Media),P&I Voucher,25000,Halifax,Halifax Regional Municipality,B3J3K5,2018 - 2019,-63.572554,44.644489,POINT (-63.572554 44.644489)
301,Grey Lit Matters Inc,ICT (includes Digital Media),P&I Voucher,15000,Halifax,Halifax Regional Municipality,B3P1A8,2018 - 2019,-63.608219,44.630968,POINT (-63.608219 44.630968)
302,The 7 Virtues Beauty Inc,Advanced Manufacturing,P&I Voucher,25000,Halifax,Halifax Regional Municipality,B3H1B1,2018 - 2019,-63.574296,44.624597,POINT (-63.574296 44.624597)
303,Duckish Natural Skin Care Limited,Advanced Manufacturing,P&I Voucher,25000,Halifax,Halifax Regional Municipality,B3L1K1,2018 - 2019,-63.595101,44.649822,POINT (-63.595101 44.649822)
304,Chelation Partners Incorporated,Life Sciences,P&I Voucher,25000,Halifax,Halifax Regional Municipality,B3H3Z1,2018 - 2019,-63.59645,44.637136,POINT (-63.59645 44.637136)
305,Alto Solar,Energy,P&I Voucher,15000,Halifax,Halifax Regional Municipality,B3L1P9,2018 - 2019,-63.599844,44.652427,POINT (-63.599844 44.652427)
306,Natural Ocean Products Inc.,ICT (includes Digital Media),P&I Voucher,25000,Halifax,Halifax Regional Municipality,B3V1L9,2018 - 2019,-63.62997,44.469104,POINT (-63.62997 44.469104)
307,Deprolabs Technology Inc.,ICT (includes Digital Media),P&I Voucher,15000,Halifax,Halifax Regional Municipality,B3S1G5,2018 - 2019,-63.673695,44.672237,POINT (-63.673695 44.672237)
308,EOceans Research and Consulting Inc.,Oceans Technology,P&I Voucher,15000,Dartmouth,Halifax Regional Municipality,B2Y1T7,2018 - 2019,-63.555147,44.674503,POINT (-63.555147 44.674503)
309,Mermaid Fare Inc,Agri-food,P&I Voucher,15000,Dartmouth,Halifax Regional Municipality,B2Y2W1,2018 - 2019,-63.56358,44.667535,POINT (-63.56358 44.667535)
310,ColorSmith,Life Sciences,P&I Voucher,15000,Halifax,Halifax Regional Municipality,B3H1T1,2018 - 2019,-63.58619,44.636159,POINT (-63.58619 44.636159)
311,Propel BioEnergy LTD.,Energy,P&I Voucher,15000,Dartmouth,Halifax Regional Municipality,B2X2A5,2018 - 2019,-63.536483,44.693342,POINT (-63.536483 44.693342)
312,Graphite Innovation and Technologies Inc.,Advanced Manufacturing,P&I Voucher,25000,Dartmouth,Halifax Regional Municipality,B2Y4M9,2018 - 2019,-63.542698,44.660305,POINT (-63.542698 44.660305)
313,PPT Labs Inc.,ICT (includes Digital Media),P&I Voucher,25000,Halifax,Halifax Regional Municipality,B3K3T7,2018 - 2019,-63.58727,44.652558,POINT (-63.58727 44.652558)
314,NovaResp Technologies Inc.,ICT (includes Digital Media),P&I Voucher,15000,Halifax,Halifax Regional Municipality,B3H4R4,2018 - 2019,-63.56954723,44.63642004,POINT (-63.56954723 44.63642004)
315,Midgard Insect Farm Inc,Agri-food,P&I Voucher,25000,Halifax,Halifax Regional Municipality,B3L1V1,2018 - 2019,-63.602803,44.654196,POINT (-63.602803 44.654196)
316,Green Power Labs Inc,Energy,P&I Voucher,25000,Dartmouth,Halifax Regional Municipality,B2Y4M9,2018 - 2019,-63.542698,44.660305,POINT (-63.542698 44.660305)
317,Spritely Technologies Inc,ICT (includes Digital Media),P&I Voucher,25000,Halifax,Halifax Regional Municipality,B3S1E5,2018 - 2019,-63.665971,44.662523,POINT (-63.665971 44.662523)
318,LED Roadway Lighting Ltd,Advanced Manufacturing,P&I Voucher,15000,Halifax,Halifax Regional Municipality,B3S1B3,2018 - 2019,-63.663711,44.637971,POINT (-63.663711 44.637971)
319,PitchPerfect Software Inc. operating as Proposify,ICT (includes Digital Media),Payroll Rebate,1057400,Halifax,Halifax Regional Municipality,B3J2A2,2018 - 2019,-63.573726,44.646512,POINT (-63.573726 44.646512)
320,Savormetrics Inc.,ICT (includes Digital Media),Payroll Rebate,619650,Halifax,Halifax Regional Municipality,B3J2X2,2018 - 2019,-63.645986,44.648416,POINT (-63.645986 44.648416)
321,Monkedia LLC,ICT (includes Digital Media),Payroll Rebate,610350,Dartmouth,Halifax Regional Municipality,B2Y4J2,2018 - 2019,-63.552011,44.678941,POINT (-63.552011 44.678941)
322,Manulife Financial,Finance & Insurance,Payroll Rebate,0,Halifax,Halifax Regional Municipality,B3L4G6,2018 - 2019,-63.623007,44.643294,POINT (-63.623007 44.643294)
323,Dilytics,ICT (includes Digital Media),Payroll Rebate,0,Dartmouth,Halifax Regional Municipality,B3B1N1,2018 - 2019,-63.604559,44.709923,POINT (-63.604559 44.709923)
324,BeyondTrust Software Inc.,ICT (includes Digital Media),Payroll Rebate,3120563,Halifax,Halifax Regional Municipality,B3J3N4,2018 - 2019,-63.57347352,44.64895408,POINT (-63.57347352 44.64895408)
325,10380008 Canada Inc dba MobSquad,ICT (includes Digital Media),Payroll Rebate,2084800,Halifax,Halifax Regional Municipality,B3K5T8,2018 - 2019,-63.581038,44.652525,POINT (-63.581038 44.652525)
326,Sensor Technology Ltd,Oceans Technology,Project Management,0,Dartmouth,Halifax Regional Municipality,B2Y4T5,2018 - 2019,-63.556475,44.661861,POINT (-63.556475 44.661861)
327,Accenture Canada,ICT (includes Digital Media),Project Management,0,Halifax,Halifax Regional Municipality,B3J3k5,2018 - 2019,-63.572554,44.644489,POINT (-63.572554 44.644489)
328,Propipe UK,Oceans Technology,Project Management,0,Halifax,Halifax Regional Municipality,B3J3N4,2018 - 2019,-63.57347352,44.64895408,POINT (-63.57347352 44.64895408)
329,Invisible Agents,ICT (includes Digital Media),Project Management,0,Halifax,Halifax Regional Municipality,B3J3N2,2018 - 2019,-63.57606155,44.65201157,POINT (-63.57606155 44.65201157)
330,Nova Innovation,Energy,Project Management,0,Halifax,Halifax Regional Municipality,B3L2C1,2018 - 2019,-63.623858,44.653361,POINT (-63.623858 44.653361)
331,Adadem Import and Export,Business Services,Trade Mission (Incoming),0,Halifax,Halifax Regional Municipality,B3N1B9,2018 - 2019,-63.620793,44.634023,POINT (-63.620793 44.634023)
332,Famolex Integrated Consult Limited,Business Services,Trade Mission (Incoming),0,Halifax,Halifax Regional Municipality,B3M3Y7,2018 - 2019,-63.653935,44.66328,POINT (-63.653935 44.66328)
333,Globiz Innovation Inc.,Business Services,Trade Mission (Incoming),0,Halifax,Halifax Regional Municipality,B3M1G9,2018 - 2019,-63.647579,44.654692,POINT (-63.647579 44.654692)
334,McInnes Cooper,Not Coded,Trade Mission (Incoming),0,Halifax,Halifax Regional Municipality,B3J2V1,2018 - 2019,-63.645986,44.648416,POINT (-63.645986 44.648416)
335,GeoSpectrum Technologies Incorporated,Oceans Technology,Trade Mission (Incoming),0,Dartmouth,Halifax Regional Municipality,B3B1J4,2018 - 2019,-63.611144,44.704132,POINT (-63.611144 44.704132)
336,Institute for Big Data Analytics,Not Coded,Trade Mission (Incoming),0,Halifax,Halifax Regional Municipality,B3H4R2,2018 - 2019,-63.59641358,44.63705044,POINT (-63.59641358 44.63705044)
337,Jasco Applied Sciences (Canada) Ltd,Oceans Technology,Trade Mission (Incoming),0,Dartmouth,Halifax Regional Municipality,B3B1Z1,2018 - 2019,-63.584818,44.709741,POINT (-63.584818 44.709741)
338,Kraken Robotics Inc.,Aerospace & Defence,Trade Mission (Incoming),0,Dartmouth,Halifax Regional Municipality,B3B1T3,2018 - 2019,-63.610623,44.703069,POINT (-63.610623 44.703069)
339,Metamaterial Technologies Inc,Advanced Manufacturing,Trade Mission (Incoming),0,Dartmouth,Halifax Regional Municipality,B2Y4M9,2018 - 2019,-63.542698,44.660305,POINT (-63.542698 44.660305)
340,MetOcean Telematics Limited,Oceans Technology,Trade Mission (Incoming),0,Dartmouth,Halifax Regional Municipality,B3B1R9,2018 - 2019,-63.595049,44.699403,POINT (-63.595049 44.699403)
341,Modest Tree Media Inc,ICT (includes Digital Media),Trade Mission (Incoming),0,Halifax,Halifax Regional Municipality,B3K2R6,2018 - 2019,-63.613967,44.665253,POINT (-63.613967 44.665253)
342,Acadian Seaplants Limited / Les Algues Acadiennes Limitee,Life Sciences,Trade Mission (Incoming),0,Dartmouth,Halifax Regional Municipality,B3B1X8,2018 - 2019,-63.596395,44.696321,POINT (-63.596395 44.696321)
343,Baie Run Pet Products Inc,Agri-food,Trade Mission (Incoming),0,Halifax,Halifax Regional Municipality,B3J3N2,2018 - 2019,-63.57606155,44.65201157,POINT (-63.57606155 44.65201157)
344,GeoSpectrum Technologies Incorporated,Oceans Technology,Trade Mission (Incoming),0,Dartmouth,Halifax Regional Municipality,B3B1J4,2018 - 2019,-63.611144,44.704132,POINT (-63.611144 44.704132)
345,Mother Hubbard's Kitchens,Advanced Manufacturing,Trade Mission (Outgoing),0,Dartmouth,Halifax Regional Municipality,B3B1T5,2018 - 2019,-63.581229,44.699529,POINT (-63.581229 44.699529)
346,Acoubit Communications,Oceans Technology,Trade Mission (Outgoing),0,Dartmouth,Halifax Regional Municipality,B2Y2W1,2018 - 2019,-63.56358,44.667535,POINT (-63.56358 44.667535)
347,Marimetrics Technologies,Oceans Technology,Trade Mission (Outgoing),0,Dartmouth,Halifax Regional Municipality,B2Y4A5,2018 - 2019,-63.556376,44.663211,POINT (-63.556376 44.663211)
348,Ocean Data Science,Transportation & Logistics,Trade Mission (Outgoing),0,Halifax,Halifax Regional Municipality,B3H1W5,2018 - 2019,-63.586966,44.637694,POINT (-63.586966 44.637694)
349,ReelData,Oceans Technology,Trade Mission (Outgoing),0,Dartmouth,Halifax Regional Municipality,B2Y4T5,2018 - 2019,-63.556475,44.661861,POINT (-63.556475 44.661861)
350,Wittaya Aqua,Oceans Technology,Trade Mission (Outgoing),0,Dartmouth,Halifax Regional Municipality,B2Y4T5,2018 - 2019,-63.556475,44.661861,POINT (-63.556475 44.661861)
351,Geoforce Group Limited,Oceans Technology,Trade Mission (Outgoing),0,Dartmouth,Halifax Regional Municipality,B3B1J4,2018 - 2019,-63.611144,44.704132,POINT (-63.611144 44.704132)
352,GeoSpectrum Technologies Incorporated,Oceans Technology,Trade Mission (Outgoing),0,Dartmouth,Halifax Regional Municipality,B3B1J4,2018 - 2019,-63.611144,44.704132,POINT (-63.611144 44.704132)
353,Jasco Applied Sciences (Canada) Ltd,Oceans Technology,Trade Mission (Outgoing),0,Dartmouth,Halifax Regional Municipality,B3B1Z1,2018 - 2019,-63.584818,44.709741,POINT (-63.584818 44.709741)
354,MacArtney Canada Ltd,Oceans Technology,Trade Mission (Outgoing),0,Dartmouth,Halifax Regional Municipality,B2Y2W1,2018 - 2019,-63.56358,44.667535,POINT (-63.56358 44.667535)
355,MetOcean Telematics Limited,Oceans Technology,Trade Mission (Outgoing),0,Dartmouth,Halifax Regional Municipality,B3B1R9,2018 - 2019,-63.595049,44.699403,POINT (-63.595049 44.699403)
356,Sensor Technology Ltd,Oceans Technology,Trade Mission (Outgoing),0,Dartmouth,Halifax Regional Municipality,B2Y4T5,2018 - 2019,-63.556475,44.661861,POINT (-63.556475 44.661861)
357,Xeos Technologies Inc,Oceans Technology,Trade Mission (Outgoing),0,Dartmouth,Halifax Regional Municipality,B3B1L6,2018 - 2019,-63.604817,44.715039,POINT (-63.604817 44.715039)
358,Natural Hues Inc,Agri-food,Trade Mission (Outgoing),0,Halifax,Colchester,B3L2H5,2018 - 2019,-63.615373,44.645626,POINT (-63.615373 44.645626)
359,JusNova Agriculture Ltd,Agri-food,Trade Mission (Outgoing),0,Halifax,Halifax Regional Municipality,B3M1N1,2018 - 2019,-63.641789,44.66397,POINT (-63.641789 44.66397)
360,Ashored Innovations,Oceans Technology,Trade Mission (Outgoing),0,Dartmouth,Colchester,B2Y2W1,2018 - 2019,-63.56358,44.667535,POINT (-63.56358 44.667535)
361,Baie Run Pet Products Inc,Agri-food,Trade Mission (Outgoing),0,Halifax,Halifax Regional Municipality,B3J3N2,2018 - 2019,-63.57606155,44.65201157,POINT (-63.57606155 44.65201157)
362,Chelation Partners Incorporated,Life Sciences,Trade Mission (Outgoing),0,Halifax,Halifax Regional Municipality,B3H3Z1,2018 - 2019,-63.59645,44.637136,POINT (-63.59645 44.637136)
363,2 Crows Brewing Ltd,Agri-food,Trade Mission (Outgoing),0,Halifax,Halifax Regional Municipality,B3J2G7,2018 - 2019,-63.578146,44.649349,POINT (-63.578146 44.649349)
364,Compass Distillers,Agri-food,Trade Mission (Outgoing),0,Halifax,Halifax Regional Municipality,B3K4C4,2018 - 2019,-63.592367,44.654497,POINT (-63.592367 44.654497)
365,The Propeller Brewing Company,Agri-food,Trade Mission (Outgoing),0,Dartmouth,Halifax Regional Municipality,B3B1B6,2018 - 2019,-63.602778,44.696904,POINT (-63.602778 44.696904)
366,WarrierTech Inc,ICT (includes Digital Media),Trade Mission (Outgoing),0,Halifax,Halifax Regional Municipality,B3H1Y1,2018 - 2019,-63.5849,44.640901,POINT (-63.5849 44.640901)
367,GeoSpectrum Technologies Incorporated,Oceans Technology,Trade Mission (Outgoing),0,Dartmouth,Halifax Regional Municipality,B3B1J4,2018 - 2019,-63.611144,44.704132,POINT (-63.611144 44.704132)
368,Kraken Robotics Inc.,Aerospace & Defence,Trade Mission (Outgoing),0,Dartmouth,Halifax Regional Municipality,B3B1T3,2018 - 2019,-63.610623,44.703069,POINT (-63.610623 44.703069)
369,McInnes Cooper,Not Coded,Trade Mission (Outgoing),0,Halifax,Halifax Regional Municipality,B3J2V1,2018 - 2019,-63.645986,44.648416,POINT (-63.645986 44.648416)
370,RIMOT.IO Inc,ICT (includes Digital Media),Trade Mission (Outgoing),0,Dartmouth,Halifax Regional Municipality,B2Y4M9,2018 - 2019,-63.542698,44.660305,POINT (-63.542698 44.660305)
371,Sensor Technology Ltd,Oceans Technology,Trade Mission (Outgoing),0,Dartmouth,Halifax Regional Municipality,B2Y4T5,2018 - 2019,-63.556475,44.661861,POINT (-63.556475 44.661861)
372,Xeos Technologies Inc,Oceans Technology,Trade Mission (Outgoing),0,Dartmouth,Halifax Regional Municipality,B3B1L6,2018 - 2019,-63.604817,44.715039,POINT (-63.604817 44.715039)
373,Atlantic Flight Attendant Academy,Business Services,Trade Mission (Outgoing),0,Halifax,Halifax Regional Municipality,B3H3Y4,2018 - 2019,-63.593557,44.632239,POINT (-63.593557 44.632239)
374,Easypass Immigration & Education Consulting Inc,Business Services,Trade Mission (Outgoing),0,Halifax,Halifax Regional Municipality,B3J3K3,2018 - 2019,-63.57813098,44.64335495,POINT (-63.57813098 44.64335495)
375,Fundy Drinks LTD,Agri-food,Trade Mission (Outgoing),0,Halifax,Kings,B3J2G7,2018 - 2019,-63.578146,44.649349,POINT (-63.578146 44.649349)
376,JusNova Agriculture Ltd,Agri-food,Trade Mission (Outgoing),0,Halifax,Halifax Regional Municipality,B3M1N1,2018 - 2019,-63.641789,44.66397,POINT (-63.641789 44.66397)
377,Right Source Group Limited,Fish & Seafood Processing,Trade Mission (Outgoing),0,Dartmouth,Halifax Regional Municipality,B3B1N4,2018 - 2019,-63.601486,44.713636,POINT (-63.601486 44.713636)
378,Rio Import & Export Limited,Fish & Seafood Processing,Trade Mission (Outgoing),0,Dartmouth,Halifax Regional Municipality,B3B1W7,2018 - 2019,-63.60125,44.716433,POINT (-63.60125 44.716433)
379,Ocean Technology Council of Nova Scotia (OTCNS),Not Coded,Trade Mission (Outgoing),0,Halifax,Halifax Regional Municipality,B3J3N2,2018 - 2019,-63.57606155,44.65201157,POINT (-63.57606155 44.65201157)
380,Taste of Nova Scotia Quality Food,Business Services,Trade Mission (Outgoing),0,Dartmouth,Halifax Regional Municipality,B2Y4P5,2018 - 2019,-63.569266,44.665864,POINT (-63.569266 44.665864)
381,Blue Harbour Cheese Incorporated,Agri-food,Trade Mission (Outgoing),0,Halifax,Halifax Regional Municipality,B3K4S7,2018 - 2019,-63.611255,44.665687,POINT (-63.611255 44.665687)
382,Blue Harbour Cheese Incorporated,Agri-food,Trade Mission (Outgoing),0,Halifax,Halifax Regional Municipality,B3K4S7,2018 - 2019,-63.611255,44.665687,POINT (-63.611255 44.665687)
383,Blue Harbour Cheese Incorporated,Agri-food,Trade Mission (Outgoing),0,Halifax,Halifax Regional Municipality,B3K4S7,2018 - 2019,-63.611255,44.665687,POINT (-63.611255 44.665687)
384,Chocolate Hackers,Agri-food,Trade Mission (Outgoing),0,Halifax,Halifax Regional Municipality,B3K2H7,2018 - 2019,-63.604915,44.665088,POINT (-63.604915 44.665088)
385,Chocolate Hackers,Agri-food,Trade Mission (Outgoing),0,Halifax,Halifax Regional Municipality,B3K2H7,2018 - 2019,-63.604915,44.665088,POINT (-63.604915 44.665088)
386,Oyster Promo Inc,Business Services,Trade Mission (Outgoing),0,Halifax,Halifax Regional Municipality,B3H3X9,2018 - 2019,-63.587154,44.630259,POINT (-63.587154 44.630259)
387,Penny Doherty Literacy Consultants Incorporated,Business Services,Trade Mission (Outgoing),0,Halifax,Halifax Regional Municipality,B3H2J5,2018 - 2019,-63.592084,44.643695,POINT (-63.592084 44.643695)
388,Sassy Solutions Consulting Limited,Business Services,Trade Mission (Outgoing),0,Halifax,Halifax Regional Municipality,B3M3C8,2018 - 2019,-63.652605,44.657547,POINT (-63.652605 44.657547)
389,Uprise Consulting,Business Services,Trade Mission (Outgoing),0,Halifax,Halifax Regional Municipality,B3L4T7,2018 - 2019,-63.631058,44.653673,POINT (-63.631058 44.653673)
390,Uprise Consulting,Business Services,Trade Mission (Outgoing),0,Halifax,Halifax Regional Municipality,B3L4T7,2018 - 2019,-63.631058,44.653673,POINT (-63.631058 44.653673)
391,Haskapa,Agri-food,Trade Mission (Outgoing),0,Dartmouth,Halifax Regional Municipality,B3B1M3,2018 - 2019,-63.611768,44.703405,POINT (-63.611768 44.703405)
392,ITO Seafoods Ltd,Fish & Seafood Processing,Trade Mission (Outgoing),0,Halifax,Halifax Regional Municipality,B3J3R3,2018 - 2019,-63.56899455,44.64269727,POINT (-63.56899455 44.64269727)
393,Atlantica Mechanical Contractors Inc,Advanced Manufacturing,Trade Mission (Outgoing),0,Dartmouth,Halifax Regional Municipality,B3B1H5,2018 - 2019,-63.606634,44.701133,POINT (-63.606634 44.701133)
394,Biscay Seafoods Canada Ltd,Fish & Seafood Processing,Trade Mission (Outgoing),0,Halifax,Halifax Regional Municipality,B3L2C1,2018 - 2019,-63.623858,44.653361,POINT (-63.623858 44.653361)
395,Oyster Promo Inc,Business Services,Trade Mission (Outgoing),0,Halifax,Halifax Regional Municipality,B3H3X9,2018 - 2019,-63.587154,44.630259,POINT (-63.587154 44.630259)
396,Stantec,Engineering & Professional,Trade Mission (Outgoing),0,Dartmouth,Halifax Regional Municipality,B3A0A4,2018 - 2019,-63.561484,44.689132,POINT (-63.561484 44.689132)
397,Dillon Consulting Ltd,Business Services,Trade Mission (Outgoing),0,Halifax,Halifax Regional Municipality,B3S1B3,2018 - 2019,-63.663711,44.637971,POINT (-63.663711 44.637971)
398,TriNav Fisheries Consultants Inc,Business Services,Trade Mission (Outgoing),0,Dartmouth,Halifax Regional Municipality,B3B1N3,2018 - 2019,-63.592554,44.706327,POINT (-63.592554 44.706327)
399,Deep Vision Inc,ICT (includes Digital Media),Trade Mission (Outgoing),0,Dartmouth,Halifax Regional Municipality,B2Y4P5,2018 - 2019,-63.569266,44.665864,POINT (-63.569266 44.665864)
400,QRA Corp,ICT (includes Digital Media),Trade Mission (Outgoing),0,Halifax,Halifax Regional Municipality,B3K5L2,2018 - 2019,-63.602819,44.659309,POINT (-63.602819 44.659309)
401,Xeos Technologies Inc,Oceans Technology,Trade Mission (Outgoing),0,Dartmouth,Halifax Regional Municipality,B3B1L6,2018 - 2019,-63.604817,44.715039,POINT (-63.604817 44.715039)
402,Deep Vision Inc,ICT (includes Digital Media),Trade Mission (Outgoing),0,Dartmouth,Halifax Regional Municipality,B2Y4P5,2018 - 2019,-63.569266,44.665864,POINT (-63.569266 44.665864)
403,Modest Tree Media Inc,ICT (includes Digital Media),Trade Mission (Outgoing),0,Halifax,Halifax Regional Municipality,B3K2R6,2018 - 2019,-63.613967,44.665253,POINT (-63.613967 44.665253)
404,Ocean Technology Council of Nova Scotia (OTCNS),Not Coded,Trade Mission (Outgoing),0,Halifax,Halifax Regional Municipality,B3J3N2,2018 - 2019,-63.57606155,44.65201157,POINT (-63.57606155 44.65201157)
405,QRA Corp,ICT (includes Digital Media),Trade Mission (Outgoing),0,Halifax,Halifax Regional Municipality,B3K5L2,2018 - 2019,-63.602819,44.659309,POINT (-63.602819 44.659309)
406,Xeos Technologies Inc,Oceans Technology,Trade Mission (Outgoing),0,Dartmouth,Halifax Regional Municipality,B3B1L6,2018 - 2019,-63.604817,44.715039,POINT (-63.604817 44.715039)
407,Clockk.Com Inc,ICT (includes Digital Media),Trade Mission (Outgoing),0,Halifax,Halifax Regional Municipality,B3J3K5,2018 - 2019,-63.572554,44.644489,POINT (-63.572554 44.644489)
408,Ethical Swag Inc,Business Services,Trade Mission (Outgoing),0,Dartmouth,Cape Breton,B2W6G2,2018 - 2019,-63.483946,44.690176,POINT (-63.483946 44.690176)
409,Side Door Access Inc,ICT (includes Digital Media),Trade Mission (Outgoing),0,Halifax,Halifax Regional Municipality,B3K1H1,2018 - 2019,-63.588243,44.6524635,POINT (-63.588243 44.6524635)
410,Spritely Technologies Inc,ICT (includes Digital Media),Trade Mission (Outgoing),0,Halifax,Halifax Regional Municipality,B3S1E5,2018 - 2019,-63.665971,44.662523,POINT (-63.665971 44.662523)
411,Biscay Seafoods Canada Ltd,Fish & Seafood Processing,Trade Mission (Outgoing),0,Halifax,Halifax Regional Municipality,B3L2C1,2018 - 2019,-63.623858,44.653361,POINT (-63.623858 44.653361)
412,Breakers Fish Co Ltd,Fish & Seafood Processing,Trade Mission (Outgoing),0,Halifax,Halifax Regional Municipality,B3L2C2,2018 - 2019,-63.627898,44.653612,POINT (-63.627898 44.653612)
413,Golden Alliance Canada Inc,Fish & Seafood Processing,Trade Mission (Outgoing),0,Dartmouth,Halifax Regional Municipality,B2Y3G8,2018 - 2019,-63.550996,44.679086,POINT (-63.550996 44.679086)
414,Rio Import & Export Limited,Fish & Seafood Processing,Trade Mission (Outgoing),0,Dartmouth,Halifax Regional Municipality,B3B1W7,2018 - 2019,-63.60125,44.716433,POINT (-63.60125 44.716433)
415,West Fish Canada Limited,Fish & Seafood Processing,Trade Mission (Outgoing),0,Dartmouth,Halifax Regional Municipality,B2Y2X5,2018 - 2019,-63.561974,44.670912,POINT (-63.561974 44.670912)
416,ITO Seafoods Ltd,Fish & Seafood Processing,Trade Show,0,Halifax,Halifax Regional Municipality,B3J3R3,2018 - 2019,-63.56899455,44.64269727,POINT (-63.56899455 44.64269727)
417,EcoPilot Canada Inc.,Engineering & Professional,Trade Show,0,Halifax,Halifax Regional Municipality,B3J3L7,2018 - 2019,-63.575048,44.649083,POINT (-63.575048 44.649083)
